2025-06-20 13:48:40,785 [INFO] Activator:176 - 


2025-06-20 13:48:40,791 [INFO] Activator:177 - !SESSION log4j initialized
2025-06-20 13:48:55,236 [INFO] LogOutputStream:77 - [STDOUT_REDIRECT] 
2025-06-20 13:48:56,262 [INFO] ApplicationProperties:184 - Using Application install path: C:\ST\STM32CubeIDE_1.17.0\STM32CubeIDE\plugins\com.st.stm32cube.common.mx_6.14.0.202502271554
2025-06-20 13:48:56,300 [INFO] DbMcusXml:78 - Set database path to: C:\ST\STM32CubeIDE_1.17.0\STM32CubeIDE\plugins\com.st.stm32cube.common.mx_6.14.0.202502271554\\db\/mcu/
2025-06-20 13:48:56,301 [INFO] ApiDb:274 - Set plugin database path to: C:\ST\STM32CubeIDE_1.17.0\STM32CubeIDE\plugins\com.st.stm32cube.common.mx_6.14.0.202502271554\\db\/plugins/boardmanager/
2025-06-20 13:48:56,302 [WARN] ApiDb:259 - Overriding images path with different value:  => C:\ST\STM32CubeIDE_1.17.0\STM32CubeIDE\plugins\com.st.stm32cube.common.mx_6.14.0.202502271554\\db\/plugins/mcufinder/images/
2025-06-20 13:48:56,326 [INFO] ApiDb:250 - Set database path to: C:\Users\ashen\.stmcufinder\plugins\mcufinder//mcu/
2025-06-20 13:48:56,329 [INFO] DbMcusAds:125 - Set database path to: C:\Users\ashen\.stmcufinder\plugins\mcufinder//mcu/
2025-06-20 13:48:56,336 [INFO] CrossReferenceDbSqlite:203 - Set database path to: C:\Users\ashen\.stmcufinder\plugins\mcufinder//mcu/cs/
2025-06-20 13:48:56,521 [INFO] RulesReader:64 - Compatibility file has been processed (301 Rules)
2025-06-20 13:48:56,628 [INFO] DbMcusXml:78 - Set database path to: C:\ST\STM32CubeIDE_1.17.0\STM32CubeIDE\plugins\com.st.stm32cube.common.mx_6.14.0.202502271554\\db\/mcu/
2025-06-20 13:48:56,628 [INFO] ApiDb:274 - Set plugin database path to: C:\ST\STM32CubeIDE_1.17.0\STM32CubeIDE\plugins\com.st.stm32cube.common.mx_6.14.0.202502271554\\db\/plugins/boardmanager/
2025-06-20 13:48:56,628 [INFO] ApiDb:261 - Set plugin images path to: C:\ST\STM32CubeIDE_1.17.0\STM32CubeIDE\plugins\com.st.stm32cube.common.mx_6.14.0.202502271554\\db\/plugins/mcufinder/images/
2025-06-20 13:48:56,629 [WARN] DbFile:41 - Overriding database path with different value: C:\Users\ashen\.stmcufinder\plugins\mcufinder/ => C:\Users\ashen\.stmcufinder\plugins\mcufinder
2025-06-20 13:48:56,629 [INFO] ApiDb:250 - Set database path to: C:\Users\ashen\.stmcufinder\plugins\mcufinder//mcu/
2025-06-20 13:48:56,629 [WARN] DbFile:41 - Overriding database path with different value: C:\Users\ashen\.stmcufinder\plugins\mcufinder/ => C:\Users\ashen\.stmcufinder\plugins\mcufinder
2025-06-20 13:48:56,629 [INFO] DbMcusAds:125 - Set database path to: C:\Users\ashen\.stmcufinder\plugins\mcufinder//mcu/
2025-06-20 13:48:56,629 [WARN] DbFile:41 - Overriding database path with different value: C:\Users\ashen\.stmcufinder\plugins\mcufinder/ => C:\Users\ashen\.stmcufinder\plugins\mcufinder
2025-06-20 13:48:56,629 [WARN] DbFile:41 - Overriding database path with different value: C:\Users\ashen\.stmcufinder\plugins\mcufinder/ => C:\Users\ashen\.stmcufinder\plugins\mcufinder
2025-06-20 13:48:56,629 [INFO] CrossReferenceDbSqlite:203 - Set database path to: C:\Users\ashen\.stmcufinder\plugins\mcufinder//mcu/cs/
2025-06-20 13:48:56,739 [INFO] MainPanel:272 - HeapMemory: 268435456
2025-06-20 13:48:56,995 [INFO] DbMcusXml:78 - Set database path to: C:\ST\STM32CubeIDE_1.17.0\STM32CubeIDE\plugins\com.st.stm32cube.common.mx_6.14.0.202502271554\\db\/mcu/
2025-06-20 13:48:56,995 [INFO] ApiDb:274 - Set plugin database path to: C:\ST\STM32CubeIDE_1.17.0\STM32CubeIDE\plugins\com.st.stm32cube.common.mx_6.14.0.202502271554\\db\/plugins/boardmanager/
2025-06-20 13:48:56,996 [INFO] ApiDb:261 - Set plugin images path to: C:\ST\STM32CubeIDE_1.17.0\STM32CubeIDE\plugins\com.st.stm32cube.common.mx_6.14.0.202502271554\\db\/plugins/mcufinder/images/
2025-06-20 13:48:56,996 [WARN] DbFile:41 - Overriding database path with different value: C:\Users\ashen\.stmcufinder\plugins\mcufinder/ => C:\Users\ashen\.stmcufinder\plugins\mcufinder
2025-06-20 13:48:56,996 [INFO] ApiDb:250 - Set database path to: C:\Users\ashen\.stmcufinder\plugins\mcufinder//mcu/
2025-06-20 13:48:56,996 [WARN] DbFile:41 - Overriding database path with different value: C:\Users\ashen\.stmcufinder\plugins\mcufinder/ => C:\Users\ashen\.stmcufinder\plugins\mcufinder
2025-06-20 13:48:56,998 [INFO] DbMcusAds:125 - Set database path to: C:\Users\ashen\.stmcufinder\plugins\mcufinder//mcu/
2025-06-20 13:48:56,998 [WARN] DbFile:41 - Overriding database path with different value: C:\Users\ashen\.stmcufinder\plugins\mcufinder/ => C:\Users\ashen\.stmcufinder\plugins\mcufinder
2025-06-20 13:48:56,998 [WARN] DbFile:41 - Overriding database path with different value: C:\Users\ashen\.stmcufinder\plugins\mcufinder/ => C:\Users\ashen\.stmcufinder\plugins\mcufinder
2025-06-20 13:48:56,998 [INFO] CrossReferenceDbSqlite:203 - Set database path to: C:\Users\ashen\.stmcufinder\plugins\mcufinder//mcu/cs/
2025-06-20 13:48:57,020 [INFO] ApplicationProperties:184 - Using Application install path: C:\ST\STM32CubeIDE_1.17.0\STM32CubeIDE\plugins\com.st.stm32cube.common.mx_6.14.0.202502271554
2025-06-20 13:48:57,022 [INFO] PluginManage:196 - Search for loadable plugins [exclusion list=, ]
2025-06-20 13:48:57,023 [INFO] PluginManage:310 - Check plugin analytics
2025-06-20 13:48:57,253 [INFO] AnalyticsPlugin:253 - Accepted Software Licenses: 
2025-06-20 13:48:57,253 [INFO] AnalyticsPlugin:255 - Accepted CMSIS Pack Licenses: 
2025-06-20 13:48:57,253 [INFO] AnalyticsPlugin:257 - Accepted Firmware Licenses: 
2025-06-20 13:48:57,257 [INFO] PluginManage:359 - Loaded plugin analytics (category:tool,tabindex:-1)
2025-06-20 13:48:57,257 [INFO] PluginManage:310 - Check plugin cadmodel
2025-06-20 13:48:57,265 [INFO] CADModel:105 - Init CAD model plugin
2025-06-20 13:48:57,265 [INFO] PluginManage:359 - Loaded plugin cadmodel (category:power,tabindex:5)
2025-06-20 13:48:57,265 [INFO] PluginManage:310 - Check plugin clock
2025-06-20 13:48:57,278 [INFO] PluginManage:359 - Loaded plugin clock (category:base,tabindex:2)
2025-06-20 13:48:57,280 [INFO] PluginManage:310 - Check plugin ddr
2025-06-20 13:48:57,282 [INFO] PluginManage:359 - Loaded plugin ddr (category:tool,tabindex:6)
2025-06-20 13:48:57,282 [INFO] PluginManage:310 - Check plugin filemanager
2025-06-20 13:48:57,476 [INFO] PluginManage:359 - Loaded plugin filemanager (category:base,tabindex:10)
2025-06-20 13:48:57,476 [INFO] PluginManage:310 - Check plugin ipmanager
2025-06-20 13:48:57,484 [INFO] PluginManage:359 - Loaded plugin ipmanager (category:base,tabindex:5)
2025-06-20 13:48:57,484 [INFO] PluginManage:310 - Check plugin lpbam
2025-06-20 13:48:57,493 [INFO] PluginManage:359 - Loaded plugin lpbam (category:base,tabindex:0)
2025-06-20 13:48:57,493 [INFO] PluginManage:310 - Check plugin memorymap
2025-06-20 13:48:57,517 [INFO] PluginManage:359 - Loaded plugin memorymap (category:base,tabindex:4)
2025-06-20 13:48:57,517 [INFO] PluginManage:310 - Check plugin pinoutandconfiguration
2025-06-20 13:48:57,527 [INFO] PluginManage:359 - Loaded plugin pinoutandconfiguration (category:base,tabindex:1)
2025-06-20 13:48:57,527 [INFO] PluginManage:310 - Check plugin pinoutconfig
2025-06-20 13:48:57,655 [WARN] SupportedApi:132 - Cannot load RTOS API schema: s4s-elt-must-match.1: The content of 'definitions' must match (annotation?, (simpleType | complexType)?, (unique | key | keyref)*)). A problem was found starting at: attribute.
2025-06-20 13:48:57,825 [INFO] PluginManage:359 - Loaded plugin pinoutconfig (category:base,tabindex:0)
2025-06-20 13:48:57,825 [INFO] PluginManage:310 - Check plugin power
2025-06-20 13:48:57,838 [INFO] PluginManage:359 - Loaded plugin power (category:power,tabindex:4)
2025-06-20 13:48:57,844 [INFO] PluginManage:310 - Check plugin projectmanager
2025-06-20 13:48:57,866 [INFO] PluginManage:359 - Loaded plugin projectmanager (category:projectmanager,tabindex:4)
2025-06-20 13:48:57,867 [INFO] PluginManage:310 - Check plugin rif
2025-06-20 13:48:57,877 [INFO] PluginManage:359 - Loaded plugin rif (category:base,tabindex:3)
2025-06-20 13:48:57,878 [INFO] PluginManage:310 - Check plugin thirdparty
2025-06-20 13:48:58,075 [INFO] PluginManage:359 - Loaded plugin thirdparty (category:base,tabindex:-1)
2025-06-20 13:48:58,075 [WARN] IntegrityCheckThread:84 - waiting for thirdparty lock release [integrity check]
2025-06-20 13:48:58,076 [INFO] IntegrityCheckThread:86 - entering critical section [integrity check]
2025-06-20 13:48:58,076 [INFO] PluginManage:310 - Check plugin tools
2025-06-20 13:48:58,076 [INFO] ThirdPartyUpdaterWithRetryManager:70 - Updater plugin not ready yet. [1/15]
2025-06-20 13:48:58,082 [INFO] PluginManage:359 - Loaded plugin tools (category:base,tabindex:7)
2025-06-20 13:48:58,082 [INFO] PluginManage:310 - Check plugin tutovideos
2025-06-20 13:48:58,308 [INFO] PluginManage:359 - Loaded plugin tutovideos (category:base,tabindex:-1)
2025-06-20 13:48:58,308 [INFO] PluginManage:310 - Check plugin updater
2025-06-20 13:48:58,335 [INFO] PluginManage:359 - Loaded plugin updater (category:base,tabindex:12)
2025-06-20 13:48:58,335 [INFO] PluginManage:310 - Check plugin userauth
2025-06-20 13:48:58,340 [INFO] UserAuth:118 - Init User Auth plugin
2025-06-20 13:48:58,341 [INFO] PluginManage:359 - Loaded plugin userauth (category:base,tabindex:14)
2025-06-20 13:48:58,341 [INFO] PluginManage:283 - PluginManage : Loaded plugins [18]
2025-06-20 13:48:58,627 [INFO] PinOutPanel:1589 - setPackage(No Configuration,No Configuration)
2025-06-20 13:48:58,736 [INFO] CADModel:165 - CPN selected for project level
2025-06-20 13:48:58,736 [INFO] CADModel:114 - Register for checkConnection events
2025-06-20 13:48:58,761 [INFO] IPUIPlugin:80 - create IPUIPlugin
2025-06-20 13:48:58,761 [INFO] PluginManager:220 - loadIPPluginJar : add adc
2025-06-20 13:48:58,765 [INFO] IPUIPlugin:80 - create IPUIPlugin
2025-06-20 13:48:58,767 [INFO] PluginManager:220 - loadIPPluginJar : add aes
2025-06-20 13:48:58,770 [INFO] IPUIPlugin:80 - create IPUIPlugin
2025-06-20 13:48:58,770 [INFO] PluginManager:220 - loadIPPluginJar : add can
2025-06-20 13:48:58,772 [INFO] IPUIPlugin:80 - create IPUIPlugin
2025-06-20 13:48:58,772 [INFO] PluginManager:220 - loadIPPluginJar : add comp
2025-06-20 13:48:58,776 [INFO] IPUIPlugin:80 - create IPUIPlugin
2025-06-20 13:48:58,776 [INFO] PluginManager:220 - loadIPPluginJar : add cryp
2025-06-20 13:48:58,781 [INFO] IPUIPlugin:80 - create IPUIPlugin
2025-06-20 13:48:58,781 [INFO] PluginManager:220 - loadIPPluginJar : add ddr_ctrl_phy
2025-06-20 13:48:58,784 [INFO] IPUIPlugin:80 - create IPUIPlugin
2025-06-20 13:48:58,784 [INFO] PluginManager:220 - loadIPPluginJar : add dfsdm
2025-06-20 13:48:58,790 [INFO] IPUIPlugin:80 - create IPUIPlugin
2025-06-20 13:48:58,791 [INFO] PluginManager:220 - loadIPPluginJar : add dma
2025-06-20 13:48:58,795 [INFO] IPUIPlugin:80 - create IPUIPlugin
2025-06-20 13:48:58,795 [INFO] PluginManager:220 - loadIPPluginJar : add dma3
2025-06-20 13:48:58,799 [INFO] IPUIPlugin:80 - create IPUIPlugin
2025-06-20 13:48:58,799 [INFO] PluginManager:220 - loadIPPluginJar : add extmemmanager
2025-06-20 13:48:58,802 [INFO] IPUIPlugin:80 - create IPUIPlugin
2025-06-20 13:48:58,802 [INFO] PluginManager:220 - loadIPPluginJar : add fatfs
2025-06-20 13:48:58,807 [INFO] IPUIPlugin:80 - create IPUIPlugin
2025-06-20 13:48:58,807 [INFO] PluginManager:220 - loadIPPluginJar : add fmc
2025-06-20 13:48:58,815 [INFO] IPUIPlugin:80 - create IPUIPlugin
2025-06-20 13:48:58,815 [INFO] PluginManager:220 - loadIPPluginJar : add freertos
2025-06-20 13:48:58,818 [INFO] IPUIPlugin:80 - create IPUIPlugin
2025-06-20 13:48:58,818 [INFO] PluginManager:220 - loadIPPluginJar : add genericplugin
2025-06-20 13:48:58,821 [INFO] IPUIPlugin:80 - create IPUIPlugin
2025-06-20 13:48:58,821 [INFO] PluginManager:220 - loadIPPluginJar : add gfxmmu
2025-06-20 13:48:58,828 [INFO] IPUIPlugin:80 - create IPUIPlugin
2025-06-20 13:48:58,828 [INFO] PluginManager:220 - loadIPPluginJar : add gic
2025-06-20 13:48:58,834 [INFO] IPUIPlugin:80 - create IPUIPlugin
2025-06-20 13:48:58,835 [INFO] PluginManager:220 - loadIPPluginJar : add gpio
2025-06-20 13:48:58,838 [INFO] IPUIPlugin:80 - create IPUIPlugin
2025-06-20 13:48:58,838 [INFO] PluginManager:220 - loadIPPluginJar : add gtzc
2025-06-20 13:48:58,842 [INFO] IPUIPlugin:80 - create IPUIPlugin
2025-06-20 13:48:58,842 [INFO] PluginManager:220 - loadIPPluginJar : add hash
2025-06-20 13:48:58,847 [INFO] IPUIPlugin:80 - create IPUIPlugin
2025-06-20 13:48:58,847 [INFO] PluginManager:220 - loadIPPluginJar : add i2c
2025-06-20 13:48:58,850 [INFO] IPUIPlugin:80 - create IPUIPlugin
2025-06-20 13:48:58,851 [INFO] PluginManager:220 - loadIPPluginJar : add i2s
2025-06-20 13:48:58,853 [INFO] IPUIPlugin:80 - create IPUIPlugin
2025-06-20 13:48:58,854 [INFO] PluginManager:220 - loadIPPluginJar : add i3c
2025-06-20 13:48:58,859 [INFO] IPUIPlugin:80 - create IPUIPlugin
2025-06-20 13:48:58,859 [INFO] PluginManager:220 - loadIPPluginJar : add ipddr
2025-06-20 13:48:58,878 [INFO] IPUIPlugin:80 - create IPUIPlugin
2025-06-20 13:48:58,878 [INFO] PluginManager:220 - loadIPPluginJar : add linkedlist
2025-06-20 13:48:58,885 [INFO] IPUIPlugin:80 - create IPUIPlugin
2025-06-20 13:48:58,885 [INFO] PluginManager:220 - loadIPPluginJar : add lorawan
2025-06-20 13:48:58,888 [INFO] IPUIPlugin:80 - create IPUIPlugin
2025-06-20 13:48:58,888 [INFO] PluginManager:220 - loadIPPluginJar : add ltdc
2025-06-20 13:48:58,896 [INFO] IPUIPlugin:80 - create IPUIPlugin
2025-06-20 13:48:58,896 [INFO] PluginManager:220 - loadIPPluginJar : add mdma
2025-06-20 13:48:58,902 [INFO] IPUIPlugin:80 - create IPUIPlugin
2025-06-20 13:48:58,903 [INFO] PluginManager:220 - loadIPPluginJar : add nvic
2025-06-20 13:48:58,907 [INFO] IPUIPlugin:80 - create IPUIPlugin
2025-06-20 13:48:58,908 [INFO] PluginManager:220 - loadIPPluginJar : add opamp
2025-06-20 13:48:58,912 [INFO] IPUIPlugin:80 - create IPUIPlugin
2025-06-20 13:48:58,912 [INFO] PluginManager:220 - loadIPPluginJar : add openamp
2025-06-20 13:48:58,919 [INFO] IPUIPlugin:80 - create IPUIPlugin
2025-06-20 13:48:58,920 [INFO] PluginManager:220 - loadIPPluginJar : add pdm2pcm
2025-06-20 13:48:58,931 [INFO] IPUIPlugin:80 - create IPUIPlugin
2025-06-20 13:48:58,936 [INFO] PluginManager:220 - loadIPPluginJar : add plateformsettings
2025-06-20 13:48:58,939 [INFO] IPUIPlugin:80 - create IPUIPlugin
2025-06-20 13:48:58,939 [INFO] PluginManager:220 - loadIPPluginJar : add quadspi
2025-06-20 13:48:58,943 [INFO] IPUIPlugin:80 - create IPUIPlugin
2025-06-20 13:48:58,945 [INFO] PluginManager:220 - loadIPPluginJar : add radio
2025-06-20 13:48:58,951 [INFO] IPUIPlugin:80 - create IPUIPlugin
2025-06-20 13:48:58,952 [INFO] PluginManager:220 - loadIPPluginJar : add resmgrutility
2025-06-20 13:48:58,956 [INFO] IPUIPlugin:80 - create IPUIPlugin
2025-06-20 13:48:58,956 [INFO] PluginManager:220 - loadIPPluginJar : add sai
2025-06-20 13:48:58,959 [INFO] IPUIPlugin:80 - create IPUIPlugin
2025-06-20 13:48:58,959 [INFO] PluginManager:220 - loadIPPluginJar : add spi
2025-06-20 13:48:58,974 [INFO] IPUIPlugin:80 - create IPUIPlugin
2025-06-20 13:48:58,976 [INFO] PluginManager:220 - loadIPPluginJar : add stm32_wpan
2025-06-20 13:48:58,979 [INFO] IPUIPlugin:80 - create IPUIPlugin
2025-06-20 13:48:58,979 [INFO] PluginManager:220 - loadIPPluginJar : add tim
2025-06-20 13:48:58,984 [INFO] IPUIPlugin:80 - create IPUIPlugin
2025-06-20 13:48:58,984 [INFO] PluginManager:220 - loadIPPluginJar : add touchsensing
2025-06-20 13:48:58,988 [INFO] IPUIPlugin:80 - create IPUIPlugin
2025-06-20 13:48:58,988 [INFO] PluginManager:220 - loadIPPluginJar : add tracer_emb
2025-06-20 13:48:58,990 [INFO] IPUIPlugin:80 - create IPUIPlugin
2025-06-20 13:48:58,990 [INFO] PluginManager:220 - loadIPPluginJar : add ts
2025-06-20 13:48:58,993 [INFO] IPUIPlugin:80 - create IPUIPlugin
2025-06-20 13:48:58,993 [INFO] PluginManager:220 - loadIPPluginJar : add tsc
2025-06-20 13:48:58,997 [INFO] IPUIPlugin:80 - create IPUIPlugin
2025-06-20 13:48:58,998 [INFO] PluginManager:220 - loadIPPluginJar : add ucpd
2025-06-20 13:48:59,003 [INFO] IPUIPlugin:80 - create IPUIPlugin
2025-06-20 13:48:59,003 [INFO] PluginManager:220 - loadIPPluginJar : add usart
2025-06-20 13:48:59,007 [INFO] IPUIPlugin:80 - create IPUIPlugin
2025-06-20 13:48:59,007 [INFO] PluginManager:220 - loadIPPluginJar : add usbx
2025-06-20 13:48:59,161 [FATAL] Updater:351 - Updater called before beeing initialized
2025-06-20 13:48:59,199 [INFO] RulesReader:64 - Compatibility file has been processed (301 Rules)
2025-06-20 13:48:59,210 [INFO] RulesReader:64 - Compatibility file has been processed (301 Rules)
2025-06-20 13:48:59,221 [INFO] CADModel:165 - CPN selected for project level
2025-06-20 13:48:59,221 [INFO] CADModel:114 - Register for checkConnection events
2025-06-20 13:48:59,221 [FATAL] Updater:351 - Updater called before beeing initialized
2025-06-20 13:48:59,221 [ERROR] CADModel:125 - Updater not yet initialized, retry later 
2025-06-20 13:48:59,449 [FATAL] Updater:351 - Updater called before beeing initialized
2025-06-20 13:48:59,452 [INFO] CADModel:165 - CPN selected for project level
2025-06-20 13:48:59,452 [INFO] CADModel:114 - Register for checkConnection events
2025-06-20 13:48:59,452 [FATAL] Updater:351 - Updater called before beeing initialized
2025-06-20 13:48:59,452 [ERROR] CADModel:125 - Updater not yet initialized, retry later 
2025-06-20 13:48:59,455 [FATAL] Updater:351 - Updater called before beeing initialized
2025-06-20 13:48:59,947 [FATAL] Updater:351 - Updater called before beeing initialized
2025-06-20 13:48:59,952 [INFO] DbMcusAds:53 - JSON generation date=Thu Mar 06 20:24:22 IST 2025 (1741272862078)
2025-06-20 13:48:59,952 [FATAL] Updater:351 - Updater called before beeing initialized
2025-06-20 13:49:00,002 [WARN] DetailPanel:346 - Failed to get advertising image, set to default
2025-06-20 13:49:00,319 [FATAL] Updater:351 - Updater called before beeing initialized
2025-06-20 13:49:00,321 [FATAL] Updater:351 - Updater called before beeing initialized
2025-06-20 13:49:00,321 [FATAL] Updater:351 - Updater called before beeing initialized
2025-06-20 13:49:00,321 [WARN] DetailPanel:346 - Failed to get advertising image, set to default
2025-06-20 13:49:00,322 [FATAL] Updater:351 - Updater called before beeing initialized
2025-06-20 13:49:00,401 [ERROR] Updater:1198 - MainUpdater not yet initialized. External WinMGr cannot be set.
2025-06-20 13:49:00,404 [INFO] Updater:1134 - Updater Version found : 6.14.0
2025-06-20 13:49:00,431 [INFO] ApplicationProperties:184 - Using Application install path: C:\ST\STM32CubeIDE_1.17.0\STM32CubeIDE\plugins\com.st.stm32cube.common.mx_6.14.0.202502271554
2025-06-20 13:49:01,077 [INFO] ThirdPartyUpdaterWithRetryManager:70 - Updater plugin not ready yet. [2/15]
2025-06-20 13:49:02,140 [INFO] MainUpdater:2872 - connection check result : 10
2025-06-20 13:49:02,142 [INFO] MainUpdater:289 - Updater Check For Update Now.
2025-06-20 13:49:02,142 [INFO] MicroXplorer:498 - Change Database Version : DB.6.0.140
2025-06-20 13:49:02,155 [INFO] McuFinderGlobals:63 - Set McuFinder mode to 2 (CubeIDE integrated)
2025-06-20 13:49:02,157 [INFO] UserAuth:486 - Internet connection configuration mode: 1
2025-06-20 13:49:02,212 [INFO] JxBrowserEngine:152 - Initiate JxBrowser Engine with user profile folder
2025-06-20 13:49:02,481 [INFO] CheckServerUpdateThread:120 - End of CheckServer Thread
2025-06-20 13:49:03,827 [INFO] WebApp:169 - Instantiating new browser for Auth
2025-06-20 13:49:04,570 [WARN] PackLoader:240 - Cannot read IP mode file for STMicroelectronics.FP-SNS-MOTENVWB1.1.4.0
2025-06-20 13:49:04,623 [WARN] PackLoader:240 - Cannot read IP mode file for STMicroelectronics.FP-ATR-ASTRA1.2.0.2
2025-06-20 13:49:04,635 [WARN] PackLoader:240 - Cannot read IP mode file for STMicroelectronics.FP-ATR-ASTRA1.2.0.1
2025-06-20 13:49:04,729 [WARN] PackLoader:240 - Cannot read IP mode file for STMicroelectronics.X-CUBE-SMBUS.2.1.0
2025-06-20 13:49:04,757 [WARN] PackLoader:240 - Cannot read IP mode file for STMicroelectronics.X-CUBE-WB05N.1.1.0
2025-06-20 13:49:04,779 [WARN] PackLoader:240 - Cannot read IP mode file for STMicroelectronics.X-CUBE-ST60.1.0.0
2025-06-20 13:49:04,870 [WARN] PackLoader:240 - Cannot read IP mode file for STMicroelectronics.X-CUBE-AZRTOS-F7.1.1.0
2025-06-20 13:49:04,892 [WARN] PackLoader:240 - Cannot read IP mode file for STMicroelectronics.FP-SNS-FLIGHT1.5.0.2
2025-06-20 13:49:04,945 [WARN] PackLoader:240 - Cannot read IP mode file for Infineon.AIROC-Wi-Fi-Bluetooth-STM32.1.7.0
2025-06-20 13:49:04,957 [WARN] PackLoader:240 - Cannot read IP mode file for STMicroelectronics.X-CUBE-DISPLAY.3.0.0
2025-06-20 13:49:04,968 [WARN] PackLoader:240 - Cannot read IP mode file for STMicroelectronics.X-CUBE-BLE1.7.0.0
2025-06-20 13:49:04,975 [WARN] PackLoader:240 - Cannot read IP mode file for STMicroelectronics.X-CUBE-NFC10.1.0.0
2025-06-20 13:49:04,988 [WARN] PackLoader:240 - Cannot read IP mode file for STMicroelectronics.X-CUBE-BLEMGR.4.0.0
2025-06-20 13:49:05,000 [WARN] PackLoader:240 - Cannot read IP mode file for emotas.I-CUBE-CANOPEN.1.3.0
2025-06-20 13:49:05,007 [WARN] PackLoader:240 - Cannot read IP mode file for STMicroelectronics.X-CUBE-AI.10.0.0
2025-06-20 13:49:05,017 [WARN] PackLoader:240 - Cannot read IP mode file for STMicroelectronics.FP-SNS-SMARTAG2.1.2.0
2025-06-20 13:49:05,022 [WARN] PackLoader:240 - Cannot read IP mode file for STMicroelectronics.FP-SNS-FLIGHT1.5.1.0
2025-06-20 13:49:05,099 [WARN] PackLoader:240 - Cannot read IP mode file for STMicroelectronics.X-CUBE-MEMS1.11.1.0
2025-06-20 13:49:05,352 [INFO] LogOutputStream:77 - [STDOUT_REDIRECT] 1 : Invalid condition id : UX_CORESTACK_Condition cause : null
2025-06-20 13:49:05,353 [INFO] LogOutputStream:77 - [STDOUT_REDIRECT] 1 : Invalid condition id : UX_CORESTACK_Condition cause : null
2025-06-20 13:49:05,354 [INFO] LogOutputStream:77 - [STDOUT_REDIRECT] 1 : Invalid condition id : UX_CORESTACK_Condition cause : null
2025-06-20 13:49:05,355 [INFO] LogOutputStream:77 - [STDOUT_REDIRECT] 1 : Invalid condition id : UX_CORESTACK_Condition cause : null
2025-06-20 13:49:05,356 [INFO] LogOutputStream:77 - [STDOUT_REDIRECT] 1 : Invalid condition id : UX_CORESTACK_Condition cause : null
2025-06-20 13:49:05,359 [WARN] PackLoader:240 - Cannot read IP mode file for STMicroelectronics.X-CUBE-AZRTOS-WL.2.0.0
2025-06-20 13:49:05,367 [WARN] PackLoader:240 - Cannot read IP mode file for STMicroelectronics.FP-SNS-MOTENV1.5.0.0
2025-06-20 13:49:05,373 [WARN] PackLoader:240 - Cannot read IP mode file for wolfSSL.I-CUBE-wolfMQTT.1.19.0
2025-06-20 13:49:05,387 [WARN] PackLoader:240 - Cannot read IP mode file for WES.I-CUBE-Cesium.1.3.0
2025-06-20 13:49:05,522 [WARN] PackLoader:240 - Cannot read IP mode file for STMicroelectronics.X-CUBE-BLE2.3.3.0
2025-06-20 13:49:05,537 [WARN] PackLoader:240 - Cannot read IP mode file for STMicroelectronics.X-CUBE-NFC9.1.0.0
2025-06-20 13:49:05,546 [WARN] PackLoader:240 - Cannot read IP mode file for STMicroelectronics.X-CUBE-BLE1.7.1.0
2025-06-20 13:49:05,551 [WARN] PackLoader:240 - Cannot read IP mode file for STMicroelectronics.X-CUBE-AI.10.1.0
2025-06-20 13:49:05,674 [WARN] PackLoader:240 - Cannot read IP mode file for STMicroelectronics.X-CUBE-MEMS1.11.2.0
2025-06-20 13:49:05,813 [WARN] PackLoader:240 - Cannot read IP mode file for STMicroelectronics.X-CUBE-AZRTOS-G0.1.1.0
2025-06-20 13:49:05,815 [WARN] PackLoader:240 - Cannot read IP mode file for STMicroelectronics.X-CUBE-SAFEA1.1.2.2
2025-06-20 13:49:05,823 [WARN] PackLoader:240 - Cannot read IP mode file for STMicroelectronics.X-CUBE-NFC4.3.0.0
2025-06-20 13:49:05,827 [WARN] PackLoader:240 - Cannot read IP mode file for EmbeddedOffice.I-CUBE-FS-RTOS.1.0.1
2025-06-20 13:49:05,910 [WARN] PackLoader:240 - Cannot read IP mode file for STMicroelectronics.X-CUBE-WB05N.2.0.0
2025-06-20 13:49:05,939 [WARN] PackLoader:240 - Cannot read IP mode file for STMicroelectronics.X-CUBE-TCPP.4.2.0
2025-06-20 13:49:05,953 [WARN] PackLoader:240 - Cannot read IP mode file for RealThread.X-CUBE-RT-Thread_Nano.4.1.1
2025-06-20 13:49:05,966 [WARN] PackLoader:240 - Cannot read IP mode file for STMicroelectronics.FP-ATR-SIGFOX1.3.2.0
2025-06-20 13:49:05,970 [WARN] ConditionMgr:438 - getConditionDescription Invalid condition id : Cortex-A Device cause : null
2025-06-20 13:49:05,970 [INFO] WebApp:463 - Apply proxy settings
2025-06-20 13:49:05,976 [INFO] WebApp:548 - Chromium requires no authentication
2025-06-20 13:49:05,993 [INFO] WebApp:491 - Direct internet connection detected
2025-06-20 13:49:05,993 [WARN] ConditionMgr:1044 - genDependencies : Invalid condition id : Cortex-A Device cause : null
2025-06-20 13:49:05,993 [WARN] ConditionMgr:1044 - genDependencies : Invalid condition id : Cortex-A Device cause : null
2025-06-20 13:49:05,993 [WARN] ConditionMgr:1044 - genDependencies : Invalid condition id : Cortex-A Device cause : null
2025-06-20 13:49:06,009 [WARN] PackLoader:240 - Cannot read IP mode file for STMicroelectronics.X-CUBE-EEPRMA1.5.1.0
2025-06-20 13:49:06,023 [WARN] PackLoader:240 - Cannot read IP mode file for wolfSSL.I-CUBE-wolfSSL.5.7.6
2025-06-20 13:49:06,033 [INFO] WebApp:894 - Register for checkConnection events
2025-06-20 13:49:06,033 [INFO] WebApp:463 - Apply proxy settings
2025-06-20 13:49:06,033 [INFO] WebApp:548 - Chromium requires no authentication
2025-06-20 13:49:06,033 [INFO] WebApp:491 - Direct internet connection detected
2025-06-20 13:49:06,359 [WARN] PackLoader:240 - Cannot read IP mode file for ITTIA_DB.I-CUBE-ITTIADB.8.9.0
2025-06-20 13:49:06,377 [WARN] PackLoader:240 - Cannot read IP mode file for STMicroelectronics.X-CUBE-ST67W61.1.0.0
2025-06-20 13:49:06,406 [WARN] PackLoader:240 - Cannot read IP mode file for SEGGER.I-CUBE-embOS.1.3.1
2025-06-20 13:49:06,453 [WARN] PackLoader:240 - Cannot read IP mode file for STMicroelectronics.X-CUBE-ALGOBUILD.1.4.0
2025-06-20 13:49:06,485 [WARN] PackLoader:240 - Cannot read IP mode file for STMicroelectronics.X-CUBE-MEMS1.11.3.0
2025-06-20 13:49:06,644 [WARN] PackLoader:240 - Cannot read IP mode file for STMicroelectronics.X-CUBE-AZRTOS-F4.1.1.0
2025-06-20 13:49:06,644 [WARN] PackLoader:240 - Cannot read IP mode file for Avnet-IotConnect.X-CUBE-IoTC-DA16k-PMOD.1.0.0
2025-06-20 13:49:06,660 [WARN] PackLoader:240 - Cannot read IP mode file for STMicroelectronics.X-CUBE-ISPU.2.1.0
2025-06-20 13:49:06,676 [WARN] PackLoader:240 - Cannot read IP mode file for STMicroelectronics.X-CUBE-AZRTOS-L5.2.0.0
2025-06-20 13:49:06,676 [WARN] PackLoader:240 - Cannot read IP mode file for STMicroelectronics.X-CUBE-NFC6.3.1.0
2025-06-20 13:49:06,692 [WARN] PackLoader:240 - Cannot read IP mode file for STMicroelectronics.X-CUBE-DPower.1.2.0
2025-06-20 13:49:06,724 [WARN] PackLoader:240 - Cannot read IP mode file for STMicroelectronics.X-CUBE-FREERTOS.1.3.1
2025-06-20 13:49:06,742 [WARN] PackLoader:240 - Cannot read IP mode file for STMicroelectronics.X-CUBE-FREERTOS.1.3.0
2025-06-20 13:49:06,748 [WARN] PackLoader:240 - Cannot read IP mode file for STMicroelectronics.X-CUBE-NFC7.1.0.1
2025-06-20 13:49:06,755 [WARN] PackLoader:240 - Cannot read IP mode file for STMicroelectronics.X-CUBE-DPower.1.3.0
2025-06-20 13:49:06,781 [WARN] ConditionMgr:438 - getConditionDescription Invalid condition id : LAN8742 Phy interface Condition cause : null
2025-06-20 13:49:06,783 [WARN] PackLoader:240 - Cannot read IP mode file for STMicroelectronics.X-CUBE-AZRTOS-L4.2.0.0
2025-06-20 13:49:06,785 [WARN] ConditionMgr:1044 - genDependencies : Invalid condition id : LAN8742 Phy interface Condition cause : null
2025-06-20 13:49:06,785 [WARN] ConditionMgr:1044 - genDependencies : Invalid condition id : LAN8742 Phy interface Condition cause : null
2025-06-20 13:49:06,785 [WARN] ConditionMgr:1044 - genDependencies : Invalid condition id : LAN8742 Phy interface Condition cause : null
2025-06-20 13:49:06,795 [WARN] PackLoader:240 - Cannot read IP mode file for STMicroelectronics.X-CUBE-SFXS2LP1.4.0.0
2025-06-20 13:49:06,812 [WARN] PackLoader:240 - Cannot read IP mode file for STMicroelectronics.X-CUBE-AZRTOS-H7.3.3.0
2025-06-20 13:49:06,828 [WARN] ConditionMgr:438 - getConditionDescription Invalid condition id : UX DEVICE CLASS RTOS Condition cause : null
2025-06-20 13:49:06,828 [WARN] ConditionMgr:438 - getConditionDescription Invalid condition id : UX DEVICE CLASS RTOS Condition cause : null
2025-06-20 13:49:06,828 [WARN] PackLoader:240 - Cannot read IP mode file for STMicroelectronics.X-CUBE-AZRTOS-WB.2.0.0
2025-06-20 13:49:06,828 [WARN] ConditionMgr:1044 - genDependencies : Invalid condition id : UX DEVICE CLASS RTOS Condition cause : null
2025-06-20 13:49:06,828 [WARN] ConditionMgr:1044 - genDependencies : Invalid condition id : UX DEVICE CLASS RTOS Condition cause : null
2025-06-20 13:49:06,828 [WARN] ConditionMgr:1044 - genDependencies : Invalid condition id : UX DEVICE CLASS RTOS Condition cause : null
2025-06-20 13:49:06,828 [WARN] ConditionMgr:1044 - genDependencies : Invalid condition id : UX DEVICE CLASS RTOS Condition cause : null
2025-06-20 13:49:06,828 [WARN] ConditionMgr:1044 - genDependencies : Invalid condition id : UX DEVICE CLASS RTOS Condition cause : null
2025-06-20 13:49:06,844 [WARN] PackLoader:240 - Cannot read IP mode file for STMicroelectronics.X-CUBE-GNSS1.7.0.1
2025-06-20 13:49:06,844 [WARN] PackLoader:240 - Cannot read IP mode file for STMicroelectronics.X-CUBE-TOUCHGFX.4.25.0
2025-06-20 13:49:06,844 [WARN] PackLoader:240 - Cannot read IP mode file for STMicroelectronics.FP-SNS-STBOX1.2.0.0
2025-06-20 13:49:06,860 [WARN] PackLoader:240 - Cannot read IP mode file for STMicroelectronics.X-CUBE-SUBG2.5.0.0
2025-06-20 13:49:06,876 [WARN] PackLoader:240 - Cannot read IP mode file for STMicroelectronics.X-CUBE-AZRTOS-H7RS.1.1.0
2025-06-20 13:49:06,876 [WARN] PackLoader:240 - Cannot read IP mode file for Cesanta.I-CUBE-Mongoose.7.13.0
2025-06-20 13:49:06,902 [WARN] PackLoader:240 - Cannot read IP mode file for STMicroelectronics.X-CUBE-AZRTOS-G4.2.0.0
2025-06-20 13:49:06,912 [WARN] PackLoader:240 - Cannot read IP mode file for STMicroelectronics.X-CUBE-NFC7.2.0.0
2025-06-20 13:49:06,912 [WARN] PackLoader:240 - Cannot read IP mode file for STMicroelectronics.X-CUBE-IPS.3.1.0
2025-06-20 13:49:06,924 [WARN] PackLoader:240 - Cannot read IP mode file for STMicroelectronics.X-CUBE-ALS.1.0.2
2025-06-20 13:49:06,924 [WARN] PackLoader:240 - Cannot read IP mode file for STMicroelectronics.X-CUBE-TOUCHGFX.4.24.2
2025-06-20 13:49:06,924 [WARN] PackLoader:240 - Cannot read IP mode file for wolfSSL.I-CUBE-wolfTPM.3.4.0
2025-06-20 13:49:06,940 [WARN] PackLoader:240 - Cannot read IP mode file for portGmbH.I-Cube-SoM-uGOAL.1.1.0
2025-06-20 13:49:06,955 [WARN] PackLoader:240 - Cannot read IP mode file for STMicroelectronics.X-CUBE-AZRTOS-H7RS.1.0.0
2025-06-20 13:49:06,955 [WARN] PackLoader:240 - Cannot read IP mode file for STMicroelectronics.X-CUBE-TOF1.3.4.2
2025-06-20 13:49:06,971 [WARN] PackLoader:240 - Cannot read IP mode file for STMicroelectronics.X-CUBE-TOF1.3.4.3
2025-06-20 13:49:07,015 [WARN] PackLoader:240 - Cannot read IP mode file for wolfSSL.I-CUBE-wolfSSH.1.4.17
2025-06-20 13:49:07,017 [INFO] ThirdParty:978 - Integrity check success = true
2025-06-20 13:49:07,017 [INFO] IntegrityCheckThread:100 - exiting critical section [integrity check]
2025-06-20 13:49:07,017 [INFO] IntegrityCheckThread:103 - End integrity checks thread
2025-06-20 13:49:07,124 [INFO] WebApp:191 - Connection restablished
2025-06-20 13:49:07,342 [INFO] WebApp:225 - Starting web application
2025-06-20 13:49:07,342 [INFO] WebApp:593 - Web application path used C:\ST\STM32CubeIDE_1.17.0\STM32CubeIDE\plugins\com.st.stm32cube.common.mx_6.14.0.202502271554\db\plugins\mcufinder\reactClient1\index.html
2025-06-20 13:49:07,485 [INFO] UserAuth:486 - Internet connection configuration mode: 1
2025-06-20 14:27:50,490 [INFO] McuFinderGlobals:63 - Set McuFinder mode to 2 (CubeIDE integrated)
2025-06-20 14:27:50,538 [INFO] MainUpdater:2872 - connection check result : 10
2025-06-20 14:27:50,540 [INFO] MainUpdater:2872 - connection check result : 10
2025-06-20 14:27:51,231 [INFO] MicroXplorer:468 - Change Database Path : 
2025-06-20 14:27:51,256 [INFO] MicroXplorer:498 - Change Database Version : DB.6.0.140
2025-06-20 14:27:51,363 [WARN] ThirdParty:871 - waiting for thirdparty lock release [close project]
2025-06-20 14:27:51,363 [INFO] ThirdParty:873 - entering critical section [close project]
2025-06-20 14:27:51,375 [INFO] ThirdParty:883 - exiting critical section [close project]
2025-06-20 14:27:51,488 [INFO] PinOutPanel:1589 - setPackage(No Configuration,No Configuration)
2025-06-20 14:27:51,525 [INFO] UtilMem:75 - Begin LoadConfig() Used Memory: 793930488 Bytes (1073741824)
2025-06-20 14:27:51,539 [INFO] MicroXplorer:468 - Change Database Path : 
2025-06-20 14:27:51,539 [INFO] MicroXplorer:498 - Change Database Version : DB.6.0.140
2025-06-20 14:27:51,539 [INFO] OpenFileManager:354 - Change cursor
2025-06-20 14:27:51,946 [INFO] Mcu:2011 - Initializing MCU STM32F756ZGTx STM32F756ZGTx STM32F756ZGT6
2025-06-20 14:27:55,563 [INFO] Context:756 - Trying to add GPIOservice into a context  which must be forbidden
2025-06-20 14:27:56,971 [INFO] ImportTextPane:218 - (OptionalMessage_ERROR) Pin27 (VP_RIF_VS_RIF1) cannot be retrieved for this MCU
2025-06-20 14:27:57,257 [INFO] RtosManager:558 - Registered RTOS mode: class=CMSIS, group=RTOS, mode=CMSIS_V1, owner=FREERTOS
2025-06-20 14:27:57,258 [INFO] RtosManager:558 - Registered RTOS mode: class=CMSIS, group=RTOS2, mode=CMSIS_V2, owner=FREERTOS
2025-06-20 14:27:57,258 [INFO] RtosManager:558 - Registered RTOS mode: class=RTOS, group=Core, mode=CMSIS_V1, owner=FREERTOS
2025-06-20 14:27:57,258 [INFO] RtosManager:558 - Registered RTOS mode: class=RTOS, group=Core, mode=CMSIS_V2, owner=FREERTOS
2025-06-20 14:27:57,258 [WARN] ModelIntegratedComponent:184 - Missing modes for component STMicroelectronics:FreeRTOS:0.0.1:STMicroelectronics:RTOS:FreeRTOS:Core:::10.2.0:
2025-06-20 14:27:57,291 [WARN] ModelIntegratedComponent:63 - No mode defined for component null
2025-06-20 14:27:57,291 [WARN] ModelIntegratedComponent:63 - No mode defined for component null
2025-06-20 14:27:57,291 [WARN] ModelIntegratedComponent:63 - No mode defined for component null
2025-06-20 14:27:57,291 [WARN] ModelIntegratedComponent:63 - No mode defined for component null
2025-06-20 14:27:57,291 [WARN] ModelIntegratedComponent:63 - No mode defined for component null
2025-06-20 14:27:57,291 [WARN] ModelIntegratedComponent:63 - No mode defined for component null
2025-06-20 14:27:57,291 [WARN] ModelIntegratedComponent:63 - No mode defined for component null
2025-06-20 14:27:57,291 [WARN] ModelIntegratedComponent:63 - No mode defined for component null
2025-06-20 14:27:57,292 [WARN] ModelIntegratedComponent:63 - No mode defined for component null
2025-06-20 14:27:57,292 [WARN] ModelIntegratedComponent:63 - No mode defined for component null
2025-06-20 14:27:57,292 [WARN] ModelIntegratedComponent:63 - No mode defined for component null
2025-06-20 14:27:57,292 [WARN] ModelIntegratedComponent:63 - No mode defined for component null
2025-06-20 14:27:57,292 [WARN] ModelIntegratedComponent:63 - No mode defined for component null
2025-06-20 14:27:57,292 [WARN] ModelIntegratedComponent:63 - No mode defined for component null
2025-06-20 14:27:57,292 [WARN] ModelIntegratedComponent:63 - No mode defined for component null
2025-06-20 14:27:57,292 [WARN] ModelIntegratedComponent:63 - No mode defined for component null
2025-06-20 14:27:57,292 [WARN] ModelIntegratedComponent:63 - No mode defined for component null
2025-06-20 14:27:57,292 [WARN] ModelIntegratedComponent:63 - No mode defined for component null
2025-06-20 14:27:57,292 [WARN] ModelIntegratedComponent:63 - No mode defined for component null
2025-06-20 14:27:57,292 [WARN] ModelIntegratedComponent:63 - No mode defined for component null
2025-06-20 14:27:57,292 [WARN] ModelIntegratedComponent:63 - No mode defined for component null
2025-06-20 14:27:57,292 [WARN] ModelIntegratedComponent:63 - No mode defined for component null
2025-06-20 14:27:57,293 [WARN] ModelIntegratedComponent:63 - No mode defined for component null
2025-06-20 14:27:57,293 [WARN] ModelIntegratedComponent:63 - No mode defined for component null
2025-06-20 14:27:57,293 [WARN] ModelIntegratedComponent:63 - No mode defined for component null
2025-06-20 14:27:57,293 [WARN] ModelIntegratedComponent:63 - No mode defined for component null
2025-06-20 14:27:57,293 [WARN] ModelIntegratedComponent:63 - No mode defined for component null
2025-06-20 14:27:57,293 [WARN] ModelIntegratedComponent:63 - No mode defined for component null
2025-06-20 14:27:57,293 [WARN] ModelIntegratedComponent:63 - No mode defined for component null
2025-06-20 14:27:57,293 [WARN] ModelIntegratedComponent:63 - No mode defined for component null
2025-06-20 14:27:57,293 [WARN] ModelIntegratedComponent:63 - No mode defined for component null
2025-06-20 14:27:57,293 [WARN] ModelIntegratedComponent:63 - No mode defined for component null
2025-06-20 14:27:57,293 [WARN] ModelIntegratedComponent:63 - No mode defined for component null
2025-06-20 14:27:57,293 [WARN] ModelIntegratedComponent:63 - No mode defined for component null
2025-06-20 14:27:57,293 [WARN] ModelIntegratedComponent:63 - No mode defined for component null
2025-06-20 14:27:57,293 [WARN] ModelPack:524 - Component already loaded: STMicroelectronics:HAL Drivers:0.0.0:STMicroelectronics:Device:STMicro_Driver:XSPI:HAL::0.0.1:HAL_XSPI
2025-06-20 14:27:57,495 [INFO] ThirdPartyModel:298 - Start build external matchings
2025-06-20 14:27:58,676 [INFO] ThirdPartyModel:316 - End build external matchings
2025-06-20 14:27:58,712 [INFO] RtosManager:967 - Current active RTOS is FREERTOS [Cortex-M7NS]
2025-06-20 14:27:58,727 [INFO] ImportTextPane:218 - (OptionalMessage_ERROR) IP (RCC) : Invalid parameter (FamilyName)
2025-06-20 14:27:58,727 [INFO] ImportTextPane:218 - (OptionalMessage_ERROR) IP (RCC) : Parameter (LCDTFToutputFreq_Value) has invalid value (48000000)
2025-06-20 14:27:58,729 [INFO] ImportTextPane:218 - (OptionalMessage_ERROR) IP (RCC) : Parameter (RNGFreq_Value) has invalid value (72000000)
2025-06-20 14:27:58,729 [INFO] ImportTextPane:218 - (OptionalMessage_ERROR) IP (RCC) : Parameter (SDMMCFreq_Value) has invalid value (72000000)
2025-06-20 14:27:58,730 [INFO] ImportTextPane:218 - (OptionalMessage_ERROR) IP (RCC) : Parameter (USBFreq_Value) has invalid value (72000000)
2025-06-20 14:27:59,625 [INFO] ApiDb:581 - Connected to CubeFinder SQLite database (C:\Users\ashen\.stmcufinder\plugins\mcufinder\mcu\cube-finder-db.db)
2025-06-20 14:27:59,728 [INFO] ApiDb:668 - CubeFinder database Data Model version=2.1
2025-06-20 14:27:59,728 [INFO] ApiDb:669 - CubeFinder database Configuration version=3.0.39
2025-06-20 14:27:59,731 [INFO] ApiDb:670 - CubeFinder database generation date=2025-04-23 (1745419778)
2025-06-20 14:27:59,731 [INFO] ApiDb:671 - CubeFinder database FW Pack versions=[FP-ATR-ASTRA1_V2.0.0, FP-SNS-FLIGHT1_V5.1.0, FP-SNS-MOTENV1_V5.0.0, FP-SNS-MOTENVWB1_V1.4.0, FP-SNS-SMARTAG2_V1.2.0, FP-SNS-STBOX1_V2.0.0, STM32Cube_FW_C0_V1.4.0, STM32Cube_FW_F4_V1.28.1, STM32Cube_FW_F7_V1.17.2, STM32Cube_FW_G0_V1.6.2, STM32Cube_FW_G4_V1.6.1, STM32Cube_FW_H5_V1.5.0, STM32Cube_FW_H7RS_V1.2.0, STM32Cube_FW_H7_V1.12.1, STM32Cube_FW_L0_V1.12.2, STM32Cube_FW_L4_V1.18.1, STM32Cube_FW_L5_V1.5.1, STM32Cube_FW_N6_V1.1.1, STM32Cube_FW_U0_V1.2.0, STM32Cube_FW_U3_V1.1.0, STM32Cube_FW_U5_V1.7.0, STM32Cube_FW_WB0_V1.2.0, STM32Cube_FW_WBA_V1.6.0, STM32Cube_FW_WB_V1.22.0, STM32Cube_FW_WL3_V1.1.0, STM32Cube_FW_WL_V1.3.1, X-CUBE-ALGOBUILD_V1.4.0, X-CUBE-ALS_V1.0.2, X-CUBE-AZRTOS-F4_V1.1.0, X-CUBE-AZRTOS-F7_V1.1.0, X-CUBE-AZRTOS-G0_V1.1.0, X-CUBE-AZRTOS-G4_V2.0.0, X-CUBE-AZRTOS-H7RS_V1.1.0, X-CUBE-AZRTOS-H7_V3.3.0, X-CUBE-AZRTOS-L4_V2.0.0, X-CUBE-AZRTOS-L5_V2.0.0, X-CUBE-AZRTOS-WB_V2.0.0, X-CUBE-AZRTOS-WL_V2.0.0, X-CUBE-BLE1_V7.1.0, X-CUBE-BLE2_V3.3.0, X-CUBE-BLEMGR_V4.0.0, X-CUBE-EEPRMA1_V5.1.0, X-CUBE-FREERTOS_V1.3.0, X-CUBE-GNSS1_V6.0.0, X-CUBE-MEMS1_V11.2.0, X-CUBE-NFC4_V3.0.0, X-CUBE-NFC7_V1.0.1, X-CUBE-SFXS2LP1_V4.0.0, X-CUBE-SUBG2_V5.0.0, X-CUBE-TOF1_V3.4.3]
2025-06-20 14:27:59,933 [INFO] DbBoardsSqlite:226 - include board P-NUCLEO-WB55-NUCLEO as a kit item of type 'Nucleo-64'
2025-06-20 14:27:59,934 [INFO] DbBoardsSqlite:226 - include board P-NUCLEO-WB55-USBDONGLE as a kit item of type 'Nucleo USB Dongle'
2025-06-20 14:27:59,935 [INFO] DbBoardsSqlite:226 - include board STEVAL-IDP005V1 as a kit item of type 'Evaluation Board'
2025-06-20 14:27:59,935 [INFO] DbBoardsSqlite:226 - include board STEVAL-IDP005V2 as a kit item of type 'Evaluation Board'
2025-06-20 14:28:00,855 [INFO] ApiDb:240 - Found 895 in-development CPN: [B-G473E-ZEST1S, B-WB1M-WPAN1, B-WBA5M-WPAN, B-WL5M-SUBG1, NUCLEO-C031C6, NUCLEO-C051C8, NUCLEO-C071RB, NUCLEO-C092RC, NUCLEO-H503RB, NUCLEO-H533RE, NUCLEO-H563ZI, NUCLEO-H7S3L8, NUCLEO-N657X0-Q, NUCLEO-U031R8, NUCLEO-U083RC, NUCLEO-U385RG-Q, NUCLEO-U545RE-Q, NUCLEO-U5A5ZJ-Q, NUCLEO-WB05KZ, NUCLEO-WB07CC, NUCLEO-WB09KE, NUCLEO-WBA52CG, NUCLEO-WBA55CG, NUCLEO-WBA65RI, NUCLEO-WL33CC1, NUCLEO-WL33CC2, STEVAL-PROTEUS1, STEVAL-SMARTAG2, STEVAL-STWINBX1, STM320518-EVAL, STM32C0116-DK, STM32C011D6Y3TR, STM32C011D6Y6TR, STM32C011F4P3, STM32C011F4P6, STM32C011F4U3, STM32C011F4U6TR, STM32C011F6P3, STM32C011F6P6, STM32C011F6U3, STM32C011F6U6TR, STM32C011J4M3, STM32C011J4M6, STM32C011J6M3, STM32C011J6M6, STM32C0316-DK, STM32C031C4T3, STM32C031C4T6, STM32C031C4U3, STM32C031C4U6, STM32C031C6T3, STM32C031C6T6, STM32C031C6U3, STM32C031C6U6, STM32C031F4P3, STM32C031F4P6, STM32C031F6P3, STM32C031F6P6, STM32C031G4U3, STM32C031G4U6, STM32C031G6U3, STM32C031G6U6, STM32C031K4T3, STM32C031K4T6, STM32C031K4U3, STM32C031K4U6, STM32C031K6T3, STM32C031K6T6, STM32C031K6U3, STM32C031K6U6, STM32C051C6T6, STM32C051C6U6, STM32C051C8T6, STM32C051C8U6, STM32C051D8Y6TR, STM32C051F6P6, STM32C051F8P6, STM32C051G6U6, STM32C051G8U6, STM32C051K6T6, STM32C051K6U6, STM32C051K8T6, STM32C071C8T6, STM32C071C8T6N, STM32C071C8U6, STM32C071C8U6N, STM32C071CBT6, STM32C071CBT6N, STM32C071CBU6, STM32C071CBU6N, STM32C071F8P6, STM32C071F8P6N, STM32C071FBP6, STM32C071FBP6N, STM32C071FBY6TR, STM32C071G8U6, STM32C071G8U6N, STM32C071GBU6, STM32C071GBU6N, STM32C071K8T6, STM32C071K8T6N, STM32C071K8U6, STM32C071K8U6N, STM32C071KBT6, STM32C071KBT6N, STM32C071KBU6, STM32C071KBU6N, STM32C071R8T6, STM32C071R8T6N, STM32C071RBI6N, STM32C071RBT6, STM32C071RBT6N, STM32C091CBT6, STM32C091CBU6, STM32C091CCT6, STM32C091CCU6, STM32C091ECY6TR, STM32C091FBP6, STM32C091FCP6, STM32C091GBU6, STM32C091GCU6, STM32C091KBT6, STM32C091KBU6, STM32C091KCT6, STM32C091KCU6, STM32C091RBT6, STM32C091RCI6, STM32C091RCT6, STM32C092CBT6, STM32C092CBU6, STM32C092CCT6, STM32C092CCU6, STM32C092ECY6TR, STM32C092FBP6, STM32C092FCP6, STM32C092GBU6, STM32C092GCU6, STM32C092KBT6, STM32C092KBU6, STM32C092KCT6, STM32C092KCU6, STM32C092RBT6, STM32C092RCI6, STM32C092RCT6, STM32G071K8TXN, STM32G071K8UXN, STM32G081GBU6N, STM32G081KBT6N, STM32G081KBUXN, STM32G0B1CCT6N, STM32G0B1KCT6, STM32G0B1NEY6TR, STM32G0B1RCT6N, STM32G0C1CCT6, STM32G0C1CCT6N, STM32G0C1CCU6N, STM32G0C1CET6N, STM32G0C1CEU6N, STM32G0C1KCT6, STM32G0C1NEY6TR, STM32G0C1RCI6N, STM32G0C1RCT6N, STM32G0C1REI6N, STM32G0C1RET6N, STM32G0C1VCI6, STM32G0C1VEI6, STM32G411C6T3, STM32G411C6T6, STM32G411C6U3, STM32G411C6U6, STM32G411C8T3, STM32G411C8T6, STM32G411C8U3, STM32G411C8U6, STM32G411CBT3, STM32G411CBT6, STM32G411CBU3, STM32G411CBU6, STM32G411CCT3, STM32G411CCT6, STM32G411CCU3, STM32G411CCU6, STM32G411K6T3, STM32G411K6T6, STM32G411K6U3, STM32G411K6U6, STM32G411K8T3, STM32G411K8T6, STM32G411K8U3, STM32G411K8U6, STM32G411KBT3, STM32G411KBT6, STM32G411KBU3, STM32G411KBU6, STM32G411M6T3, STM32G411M6T6, STM32G411M8T3, STM32G411M8T6, STM32G411MBT3, STM32G411MBT6, STM32G411MCT3, STM32G411MCT6, STM32G411R6T3, STM32G411R6T6, STM32G411R8T3, STM32G411R8T6, STM32G411RBT3, STM32G411RBT6, STM32G411RCT3, STM32G411RCT6, STM32G414CBT3, STM32G414CBT6, STM32G414CBU3, STM32G414CBU6, STM32G414CCT3, STM32G414CCT6, STM32G414CCU3, STM32G414CCU6, STM32G414MBT3, STM32G414MBT6, STM32G414MCT3, STM32G414MCT6, STM32G414RBT3, STM32G414RBT6, STM32G414RCT3, STM32G414RCT6, STM32G414VBT3, STM32G414VBT6, STM32G414VCT3, STM32G414VCT6, STM32G431CBT3Z, STM32G431RBT3Z, STM32G471CCT6, STM32G471CCU6, STM32G471CET3, STM32G471CET6, STM32G471CEU3, STM32G471CEU6, STM32G471MCT6, STM32G471MET3, STM32G471MET6, STM32G471MEY6TR, STM32G471QCT6, STM32G471QET3, STM32G471RCT6, STM32G471RET3, STM32G471RET6, STM32G471VCH6, STM32G471VCI6, STM32G471VCT6, STM32G471VEH3, STM32G471VEH6, STM32G471VEI3, STM32G471VEI6, STM32G471VET3, STM32G471VET6, STM32G473QET3Z, STM32G473RET3Z, STM32G474CCT6, STM32G491RET3Z, STM32H503CBT6, STM32H503CBU6, STM32H503EBY6TR, STM32H503KBU6, STM32H503RBT6, STM32H523CCT6, STM32H523CCU6, STM32H523CET6, STM32H523CEU6, STM32H523HEY6TR, STM32H523RCT6, STM32H523RET6, STM32H523VCI6, STM32H523VCT6, STM32H523VEI6, STM32H523VET6, STM32H523ZCJ6, STM32H523ZCT6, STM32H523ZEJ6, STM32H523ZET6, STM32H533CET6, STM32H533CEU6, STM32H533HEY6TR, STM32H533RET6, STM32H533VEI6, STM32H533VET6, STM32H533ZEJ6, STM32H533ZET6, STM32H562AGI6, STM32H562AII6, STM32H562IGK6, STM32H562IGT6, STM32H562IIK6, STM32H562IIT6, STM32H562RGT6, STM32H562RGV6, STM32H562RIT6, STM32H562RIV6, STM32H562VGT6, STM32H562VIT6, STM32H562ZGT6, STM32H562ZIT6, STM32H563AGI6, STM32H563AII3Q, STM32H563AII6, STM32H563IGK6, STM32H563IGT6, STM32H563IIK3Q, STM32H563IIK6, STM32H563IIT3Q, STM32H563IIT6, STM32H563MIY3QTR, STM32H563RGT6, STM32H563RGV6, STM32H563RIT6, STM32H563RIV6, STM32H563VGT6, STM32H563VIT3Q, STM32H563VIT6, STM32H563ZGT6, STM32H563ZIT3Q, STM32H563ZIT6, STM32H573AII3Q, STM32H573AII6, STM32H573I-DK, STM32H573IIK3Q, STM32H573IIK6, STM32H573IIT3Q, STM32H573IIT6, STM32H573MIY3QTR, STM32H573RIT6, STM32H573RIV6, STM32H573VIT3Q, STM32H573VIT6, STM32H573ZIT3Q, STM32H573ZIT6, STM32H7R3A8I6, STM32H7R3I8K6, STM32H7R3I8T6, STM32H7R3L8H6, STM32H7R3L8H6H, STM32H7R3R8V6, STM32H7R3V8H6, STM32H7R3V8T6, STM32H7R3V8Y6TR, STM32H7R3Z8J6, STM32H7R3Z8T6, STM32H7R7A8I6, STM32H7R7I8K6, STM32H7R7I8T6, STM32H7R7L8H6, STM32H7R7L8H6H, STM32H7R7Z8J6, STM32H7S3A8I6, STM32H7S3I8K6, STM32H7S3I8T6, STM32H7S3L8H6, STM32H7S3L8H6H, STM32H7S3R8V6, STM32H7S3V8H6, STM32H7S3V8T6, STM32H7S3V8Y6TR, STM32H7S3Z8J6, STM32H7S3Z8T6, STM32H7S78-DK, STM32H7S7A8I6, STM32H7S7I8K6, STM32H7S7I8T6, STM32H7S7L8H6, STM32H7S7L8H6H, STM32H7S7Z8J6, STM32L4R5QGI6STR, STM32MP131AAE3, STM32MP131AAF3, STM32MP131AAG3, STM32MP131CAE3, STM32MP131CAF3, STM32MP131CAG3, STM32MP131DAE7, STM32MP131DAF7, STM32MP131DAG7, STM32MP131FAE7, STM32MP131FAF7, STM32MP131FAG7, STM32MP133AAE3, STM32MP133AAF3, STM32MP133AAG3, STM32MP133CAE3, STM32MP133CAF3, STM32MP133CAG3, STM32MP133DAE7, STM32MP133DAF7, STM32MP133DAG7, STM32MP133FAE7, STM32MP133FAF7, STM32MP133FAG7, STM32MP135AAE3, STM32MP135AAF3, STM32MP135AAG3, STM32MP135CAE3, STM32MP135CAF3, STM32MP135CAG3, STM32MP135DAE7, STM32MP135DAF7, STM32MP135DAG7, STM32MP135F-DK, STM32MP135FAE7, STM32MP135FAF7, STM32MP135FAF7T, STM32MP135FAF7U, STM32MP135FAG7, STM32MP231AAJ3, STM32MP231AAK3, STM32MP231AAL3, STM32MP231CAJ3, STM32MP231CAK3, STM32MP231CAL3, STM32MP231DAJ3, STM32MP231DAK3, STM32MP231DAL3, STM32MP231FAJ3, STM32MP231FAK3, STM32MP231FAL3, STM32MP233AAJ3, STM32MP233AAK3, STM32MP233AAL3, STM32MP233CAJ3, STM32MP233CAK3, STM32MP233CAL3, STM32MP233DAJ3, STM32MP233DAK3, STM32MP233DAL3, STM32MP233FAJ3, STM32MP233FAK3, STM32MP233FAL3, STM32MP235AAJ3, STM32MP235AAK3, STM32MP235AAL3, STM32MP235CAJ3, STM32MP235CAK3, STM32MP235CAL3, STM32MP235DAJ3, STM32MP235DAK3, STM32MP235DAL3, STM32MP235FAJ3, STM32MP235FAK3, STM32MP235FAL3, STM32MP251AAI3, STM32MP251AAJ3, STM32MP251AAK3, STM32MP251AAL3, STM32MP251CAI3, STM32MP251CAJ3, STM32MP251CAK3, STM32MP251CAL3, STM32MP251DAI3, STM32MP251DAJ3, STM32MP251DAK3, STM32MP251DAL3, STM32MP251FAI3, STM32MP251FAJ3, STM32MP251FAK3, STM32MP251FAL3, STM32MP253AAI3, STM32MP253AAJ3, STM32MP253AAK3, STM32MP253AAL3, STM32MP253CAI3, STM32MP253CAJ3, STM32MP253CAK3, STM32MP253CAL3, STM32MP253DAI3, STM32MP253DAJ3, STM32MP253DAK3, STM32MP253DAL3, STM32MP253FAI3, STM32MP253FAJ3, STM32MP253FAK3, STM32MP253FAL3, STM32MP255AAI3, STM32MP255AAJ3, STM32MP255AAK3, STM32MP255AAL3, STM32MP255CAI3, STM32MP255CAJ3, STM32MP255CAK3, STM32MP255CAL3, STM32MP255DAI3, STM32MP255DAJ3, STM32MP255DAK3, STM32MP255DAL3, STM32MP255FAI3, STM32MP255FAJ3, STM32MP255FAK3, STM32MP255FAL3, STM32MP257AAI3, STM32MP257AAJ3, STM32MP257AAK3, STM32MP257AAL3, STM32MP257CAI3, STM32MP257CAJ3, STM32MP257CAK3, STM32MP257CAL3, STM32MP257DAI3, STM32MP257DAJ3, STM32MP257DAK3, STM32MP257DAL3, STM32MP257F-DK, STM32MP257F-EV1, STM32MP257FAI3, STM32MP257FAJ3, STM32MP257FAK3, STM32MP257FAL3, STM32N645A0H3Q, STM32N645B0H3Q, STM32N645I0H3Q, STM32N645L0H3Q, STM32N645X0H3Q, STM32N645Z0H3Q, STM32N647A0H3Q, STM32N647B0H3Q, STM32N647I0H3Q, STM32N647L0H3Q, STM32N647X0H3Q, STM32N647Z0H3Q, STM32N655A0H3Q, STM32N655B0H3Q, STM32N655I0H3Q, STM32N655L0H3Q, STM32N655X0H3Q, STM32N655Z0H3Q, STM32N6570-DK, STM32N657A0H3Q, STM32N657B0H3Q, STM32N657I0H3Q, STM32N657L0H3Q, STM32N657X0H3Q, STM32N657Z0H3Q, STM32U031C6T6, STM32U031C6U6, STM32U031C8T6, STM32U031C8U6, STM32U031F4P6, STM32U031F6P6, STM32U031F8P6, STM32U031G6Y6TR, STM32U031G8Y6TR, STM32U031K4U6, STM32U031K6U6, STM32U031K8U6, STM32U031R6I6, STM32U031R6T6, STM32U031R8I6, STM32U031R8T6, STM32U073C8T6, STM32U073C8U6, STM32U073CBT6, STM32U073CBU6, STM32U073CCT6, STM32U073CCU6, STM32U073H8Y6TR, STM32U073HBY6TR, STM32U073HCY6TR, STM32U073K8U6, STM32U073KBU6, STM32U073KCU6, STM32U073M8I6, STM32U073M8T6, STM32U073MBI6, STM32U073MBT6, STM32U073MCI6, STM32U073MCT6, STM32U073R8I6, STM32U073R8T6, STM32U073RBI6, STM32U073RBT6, STM32U073RCI6, STM32U073RCT6, STM32U083C-DK, STM32U083CCT6, STM32U083CCU6, STM32U083HCY6TR, STM32U083KCU6, STM32U083MCI6, STM32U083MCT6, STM32U083RCI6, STM32U083RCT6, STM32U375CET6, STM32U375CET6Q, STM32U375CEU6, STM32U375CEU6Q, STM32U375CEY6QTR, STM32U375CGT6, STM32U375CGT6Q, STM32U375CGU6, STM32U375CGU6Q, STM32U375CGY6QTR, STM32U375KEU6, STM32U375KGU6, STM32U375REI6, STM32U375REI6Q, STM32U375RET6, STM32U375RET6Q, STM32U375REY6GTR, STM32U375REY6QTR, STM32U375RGI6, STM32U375RGI6Q, STM32U375RGT6, STM32U375RGT6Q, STM32U375RGY6GTR, STM32U375RGY6QTR, STM32U375VEI6, STM32U375VEI6Q, STM32U375VET6, STM32U375VET6Q, STM32U375VGI6, STM32U375VGI6Q, STM32U375VGT6, STM32U375VGT6Q, STM32U385CGT6, STM32U385CGT6Q, STM32U385CGU6, STM32U385CGU6Q, STM32U385CGY6QTR, STM32U385KGU6, STM32U385RGI6, STM32U385RGI6Q, STM32U385RGT6, STM32U385RGT6Q, STM32U385RGY6GTR, STM32U385RGY6QTR, STM32U385VGI6, STM32U385VGI6Q, STM32U385VGT6, STM32U385VGT6Q, STM32U535CBT6, STM32U535CBT6Q, STM32U535CBU6, STM32U535CBU6Q, STM32U535CCT6, STM32U535CCT6Q, STM32U535CCU6, STM32U535CCU6Q, STM32U535CET6, STM32U535CET6Q, STM32U535CEU6, STM32U535CEU6Q, STM32U535JEY6QTR, STM32U535NCY6QTR, STM32U535NEY6QTR, STM32U535RBI6, STM32U535RBI6Q, STM32U535RBT6, STM32U535RBT6Q, STM32U535RCI6, STM32U535RCI6Q, STM32U535RCT6, STM32U535RCT6Q, STM32U535REI6, STM32U535REI6Q, STM32U535RET6, STM32U535RET6Q, STM32U535VCI6, STM32U535VCI6Q, STM32U535VCT6, STM32U535VCT6Q, STM32U535VEI6, STM32U535VEI6Q, STM32U535VET6, STM32U535VET6Q, STM32U545CET6, STM32U545CET6Q, STM32U545CEU6, STM32U545CEU6Q, STM32U545JEY6QTR, STM32U545NEY6QTR, STM32U545REI6, STM32U545REI6Q, STM32U545RET6, STM32U545RET6Q, STM32U545VEI6, STM32U545VEI6Q, STM32U545VET6, STM32U545VET6Q, STM32U595AIH6, STM32U595AIH6Q, STM32U595AJH6, STM32U595AJH6Q, STM32U595QII6, STM32U595QII6Q, STM32U595QJI6, STM32U595QJI6Q, STM32U595RIT6, STM32U595RIT6Q, STM32U595RJT6, STM32U595RJT6Q, STM32U595VIT6, STM32U595VIT6Q, STM32U595VJT6, STM32U595VJT6Q, STM32U595ZIT6, STM32U595ZIT6Q, STM32U595ZIY6QTR, STM32U595ZJT6, STM32U595ZJT6Q, STM32U595ZJY6QTR, STM32U599BJY6QTR, STM32U599NIH6Q, STM32U599NJH6Q, STM32U599VIT6Q, STM32U599VJT6, STM32U599VJT6Q, STM32U599ZIT6Q, STM32U599ZIY6QTR, STM32U599ZJT6Q, STM32U599ZJY6QTR, STM32U5A5AJH6, STM32U5A5AJH6Q, STM32U5A5QII3Q , STM32U5A5QJI6, STM32U5A5QJI6Q, STM32U5A5RJT6, STM32U5A5RJT6Q, STM32U5A5VJT6, STM32U5A5VJT6Q, STM32U5A5ZJT6, STM32U5A5ZJT6Q, STM32U5A5ZJY6QTR, STM32U5A9BJY6QTR, STM32U5A9J-DK, STM32U5A9NJH6Q, STM32U5A9VJT6Q, STM32U5A9ZJT6Q, STM32U5A9ZJY6QTR, STM32U5F7VIT6, STM32U5F7VIT6Q, STM32U5F7VJT6, STM32U5F7VJT6Q, STM32U5F9BJY6QTR, STM32U5F9NJH6Q, STM32U5F9VIT6Q, STM32U5F9VJT6Q, STM32U5F9ZIJ6QTR, STM32U5F9ZIT6Q, STM32U5F9ZJJ6QTR, STM32U5F9ZJT6Q, STM32U5G7VJT6, STM32U5G7VJT6Q, STM32U5G9BJY6QTR, STM32U5G9J-DK1, STM32U5G9J-DK2, STM32U5G9NJH6Q, STM32U5G9VJT6Q, STM32U5G9ZJJ6QTR, STM32U5G9ZJT6Q, STM32WB05KZV6TR, STM32WB05KZV7TR, STM32WB05TZF6TR, STM32WB05TZF7TR, STM32WB06CCF6TR, STM32WB06CCF7TR, STM32WB06CCV6TR, STM32WB06CCV7TR, STM32WB06KCV6TR, STM32WB06KCV7TR, STM32WB07CCF6TR, STM32WB07CCF7TR, STM32WB07CCV6TR, STM32WB07CCV7TR, STM32WB07KCV6TR, STM32WB07KCV7TR, STM32WB09KEV6TR, STM32WB09KEV7TR, STM32WB09TEF6TR, STM32WB09TEF7TR, STM32WB1MMCH6, STM32WBA50KGU6, STM32WBA50KGU6TR, STM32WBA52CEU6, STM32WBA52CEU6TR, STM32WBA52CEU7, STM32WBA52CEU7TR, STM32WBA52CGU6, STM32WBA52CGU6TR, STM32WBA52CGU6U, STM32WBA52CGU7, STM32WBA52CGU7TR, STM32WBA52KEU6, STM32WBA52KEU6TR, STM32WBA52KGU6, STM32WBA52KGU6TR, STM32WBA54CEU6, STM32WBA54CEU6TR, STM32WBA54CEU7, STM32WBA54CEU7TR, STM32WBA54CGU6, STM32WBA54CGU6TR, STM32WBA54CGU7, STM32WBA54CGU7TR, STM32WBA54KEU6, STM32WBA54KEU6TR, STM32WBA54KEU7, STM32WBA54KEU7TR, STM32WBA54KGU6, STM32WBA54KGU6TR, STM32WBA54KGU7, STM32WBA54KGU7TR, STM32WBA55CEU6, STM32WBA55CEU6TR, STM32WBA55CEU7, STM32WBA55CEU7TR, STM32WBA55CGU6, STM32WBA55CGU6TR, STM32WBA55CGU6U, STM32WBA55CGU7, STM32WBA55CGU7TR, STM32WBA55G-DK1, STM32WBA55HEF6, STM32WBA55HEF7, STM32WBA55HGF6, STM32WBA55HGF7, STM32WBA55UEI6, STM32WBA55UEI6TR, STM32WBA55UEI7, STM32WBA55UEI7TR, STM32WBA55UGI6, STM32WBA55UGI6TR, STM32WBA55UGI7, STM32WBA55UGI7TR, STM32WBA5MJGH6TR, STM32WBA62CGU6, STM32WBA62CIU6, STM32WBA62MGF6, STM32WBA62MIF6, STM32WBA62PGI6, STM32WBA62PII6, STM32WBA63CGU6, STM32WBA63CGU7, STM32WBA63CIU6, STM32WBA63CIU7, STM32WBA64CGU6, STM32WBA64CGU7, STM32WBA64CIU6, STM32WBA64CIU7, STM32WBA65CGU6, STM32WBA65CGU7, STM32WBA65CIU6, STM32WBA65CIU7, STM32WBA65I-DK1, STM32WBA65MGF6, STM32WBA65MGF7, STM32WBA65MIF6, STM32WBA65MIF7, STM32WBA65PGI6, STM32WBA65PGI7, STM32WBA65PII6, STM32WBA65PII7, STM32WBA65RGV6, STM32WBA65RGV7, STM32WBA65RIV6, STM32WBA65RIV7, STM32WL30K8V6, STM32WL30KBV6, STM32WL31C8V6, STM32WL31CBV6, STM32WL31K8V6, STM32WL31KBV6, STM32WL33C8V6, STM32WL33C8V6TR, STM32WL33C8V7, STM32WL33C8V7TR, STM32WL33CBV6, STM32WL33CBV6TR, STM32WL33CBV7, STM32WL33CBV7TR, STM32WL33CCV6, STM32WL33CCV6TR, STM32WL33CCV7, STM32WL33CCV7A, STM32WL33CCV7ATR, STM32WL33CCV7TR, STM32WL33K8V6, STM32WL33K8V6TR, STM32WL33K8V7, STM32WL33K8V7TR, STM32WL33KBV6, STM32WL33KBV6TR, STM32WL33KBV7, STM32WL33KBV7TR, STM32WL33KCV6, STM32WL33KCV6TR, STM32WL33KCV7, STM32WL33KCV7TR, STM32WL5MOCH6, STM32WL5MOCH6TR]
2025-06-20 14:28:01,284 [INFO] BoardInfo:889 - No configuration file found for board P-NUCLEO-WB55
2025-06-20 14:28:01,286 [INFO] DbBoards:161 - Kit is not supported: P-NUCLEO-WB55
2025-06-20 14:28:01,296 [INFO] BoardInfo:889 - No configuration file found for board STEVAL-BFA001V1B
2025-06-20 14:28:01,299 [INFO] DbBoards:161 - Kit is not supported: STEVAL-BFA001V1B
2025-06-20 14:28:01,300 [INFO] BoardInfo:889 - No configuration file found for board STEVAL-BFA001V2B
2025-06-20 14:28:01,302 [INFO] DbBoards:161 - Kit is not supported: STEVAL-BFA001V2B
2025-06-20 14:28:01,608 [INFO] DbBoards:168 - Found 211 boards, 208 are supported
2025-06-20 14:28:01,608 [INFO] DbBoards:169 - Found 211 boards, 43 of them is supported for  Bsp
2025-06-20 14:28:01,617 [INFO] ApiDb:668 - CubeFinder database Data Model version=2.1
2025-06-20 14:28:01,617 [INFO] ApiDb:669 - CubeFinder database Configuration version=3.0.39
2025-06-20 14:28:01,619 [INFO] ApiDb:670 - CubeFinder database generation date=2025-04-23 (1745419778)
2025-06-20 14:28:01,619 [INFO] ApiDb:671 - CubeFinder database FW Pack versions=[FP-ATR-ASTRA1_V2.0.0, FP-SNS-FLIGHT1_V5.1.0, FP-SNS-MOTENV1_V5.0.0, FP-SNS-MOTENVWB1_V1.4.0, FP-SNS-SMARTAG2_V1.2.0, FP-SNS-STBOX1_V2.0.0, STM32Cube_FW_C0_V1.4.0, STM32Cube_FW_F4_V1.28.1, STM32Cube_FW_F7_V1.17.2, STM32Cube_FW_G0_V1.6.2, STM32Cube_FW_G4_V1.6.1, STM32Cube_FW_H5_V1.5.0, STM32Cube_FW_H7RS_V1.2.0, STM32Cube_FW_H7_V1.12.1, STM32Cube_FW_L0_V1.12.2, STM32Cube_FW_L4_V1.18.1, STM32Cube_FW_L5_V1.5.1, STM32Cube_FW_N6_V1.1.1, STM32Cube_FW_U0_V1.2.0, STM32Cube_FW_U3_V1.1.0, STM32Cube_FW_U5_V1.7.0, STM32Cube_FW_WB0_V1.2.0, STM32Cube_FW_WBA_V1.6.0, STM32Cube_FW_WB_V1.22.0, STM32Cube_FW_WL3_V1.1.0, STM32Cube_FW_WL_V1.3.1, X-CUBE-ALGOBUILD_V1.4.0, X-CUBE-ALS_V1.0.2, X-CUBE-AZRTOS-F4_V1.1.0, X-CUBE-AZRTOS-F7_V1.1.0, X-CUBE-AZRTOS-G0_V1.1.0, X-CUBE-AZRTOS-G4_V2.0.0, X-CUBE-AZRTOS-H7RS_V1.1.0, X-CUBE-AZRTOS-H7_V3.3.0, X-CUBE-AZRTOS-L4_V2.0.0, X-CUBE-AZRTOS-L5_V2.0.0, X-CUBE-AZRTOS-WB_V2.0.0, X-CUBE-AZRTOS-WL_V2.0.0, X-CUBE-BLE1_V7.1.0, X-CUBE-BLE2_V3.3.0, X-CUBE-BLEMGR_V4.0.0, X-CUBE-EEPRMA1_V5.1.0, X-CUBE-FREERTOS_V1.3.0, X-CUBE-GNSS1_V6.0.0, X-CUBE-MEMS1_V11.2.0, X-CUBE-NFC4_V3.0.0, X-CUBE-NFC7_V1.0.1, X-CUBE-SFXS2LP1_V4.0.0, X-CUBE-SUBG2_V5.0.0, X-CUBE-TOF1_V3.4.3]
2025-06-20 14:28:04,381 [INFO] ApiDb:240 - Found 895 in-development CPN: [B-G473E-ZEST1S, B-WB1M-WPAN1, B-WBA5M-WPAN, B-WL5M-SUBG1, NUCLEO-C031C6, NUCLEO-C051C8, NUCLEO-C071RB, NUCLEO-C092RC, NUCLEO-H503RB, NUCLEO-H533RE, NUCLEO-H563ZI, NUCLEO-H7S3L8, NUCLEO-N657X0-Q, NUCLEO-U031R8, NUCLEO-U083RC, NUCLEO-U385RG-Q, NUCLEO-U545RE-Q, NUCLEO-U5A5ZJ-Q, NUCLEO-WB05KZ, NUCLEO-WB07CC, NUCLEO-WB09KE, NUCLEO-WBA52CG, NUCLEO-WBA55CG, NUCLEO-WBA65RI, NUCLEO-WL33CC1, NUCLEO-WL33CC2, STEVAL-PROTEUS1, STEVAL-SMARTAG2, STEVAL-STWINBX1, STM320518-EVAL, STM32C0116-DK, STM32C011D6Y3TR, STM32C011D6Y6TR, STM32C011F4P3, STM32C011F4P6, STM32C011F4U3, STM32C011F4U6TR, STM32C011F6P3, STM32C011F6P6, STM32C011F6U3, STM32C011F6U6TR, STM32C011J4M3, STM32C011J4M6, STM32C011J6M3, STM32C011J6M6, STM32C0316-DK, STM32C031C4T3, STM32C031C4T6, STM32C031C4U3, STM32C031C4U6, STM32C031C6T3, STM32C031C6T6, STM32C031C6U3, STM32C031C6U6, STM32C031F4P3, STM32C031F4P6, STM32C031F6P3, STM32C031F6P6, STM32C031G4U3, STM32C031G4U6, STM32C031G6U3, STM32C031G6U6, STM32C031K4T3, STM32C031K4T6, STM32C031K4U3, STM32C031K4U6, STM32C031K6T3, STM32C031K6T6, STM32C031K6U3, STM32C031K6U6, STM32C051C6T6, STM32C051C6U6, STM32C051C8T6, STM32C051C8U6, STM32C051D8Y6TR, STM32C051F6P6, STM32C051F8P6, STM32C051G6U6, STM32C051G8U6, STM32C051K6T6, STM32C051K6U6, STM32C051K8T6, STM32C071C8T6, STM32C071C8T6N, STM32C071C8U6, STM32C071C8U6N, STM32C071CBT6, STM32C071CBT6N, STM32C071CBU6, STM32C071CBU6N, STM32C071F8P6, STM32C071F8P6N, STM32C071FBP6, STM32C071FBP6N, STM32C071FBY6TR, STM32C071G8U6, STM32C071G8U6N, STM32C071GBU6, STM32C071GBU6N, STM32C071K8T6, STM32C071K8T6N, STM32C071K8U6, STM32C071K8U6N, STM32C071KBT6, STM32C071KBT6N, STM32C071KBU6, STM32C071KBU6N, STM32C071R8T6, STM32C071R8T6N, STM32C071RBI6N, STM32C071RBT6, STM32C071RBT6N, STM32C091CBT6, STM32C091CBU6, STM32C091CCT6, STM32C091CCU6, STM32C091ECY6TR, STM32C091FBP6, STM32C091FCP6, STM32C091GBU6, STM32C091GCU6, STM32C091KBT6, STM32C091KBU6, STM32C091KCT6, STM32C091KCU6, STM32C091RBT6, STM32C091RCI6, STM32C091RCT6, STM32C092CBT6, STM32C092CBU6, STM32C092CCT6, STM32C092CCU6, STM32C092ECY6TR, STM32C092FBP6, STM32C092FCP6, STM32C092GBU6, STM32C092GCU6, STM32C092KBT6, STM32C092KBU6, STM32C092KCT6, STM32C092KCU6, STM32C092RBT6, STM32C092RCI6, STM32C092RCT6, STM32G071K8TXN, STM32G071K8UXN, STM32G081GBU6N, STM32G081KBT6N, STM32G081KBUXN, STM32G0B1CCT6N, STM32G0B1KCT6, STM32G0B1NEY6TR, STM32G0B1RCT6N, STM32G0C1CCT6, STM32G0C1CCT6N, STM32G0C1CCU6N, STM32G0C1CET6N, STM32G0C1CEU6N, STM32G0C1KCT6, STM32G0C1NEY6TR, STM32G0C1RCI6N, STM32G0C1RCT6N, STM32G0C1REI6N, STM32G0C1RET6N, STM32G0C1VCI6, STM32G0C1VEI6, STM32G411C6T3, STM32G411C6T6, STM32G411C6U3, STM32G411C6U6, STM32G411C8T3, STM32G411C8T6, STM32G411C8U3, STM32G411C8U6, STM32G411CBT3, STM32G411CBT6, STM32G411CBU3, STM32G411CBU6, STM32G411CCT3, STM32G411CCT6, STM32G411CCU3, STM32G411CCU6, STM32G411K6T3, STM32G411K6T6, STM32G411K6U3, STM32G411K6U6, STM32G411K8T3, STM32G411K8T6, STM32G411K8U3, STM32G411K8U6, STM32G411KBT3, STM32G411KBT6, STM32G411KBU3, STM32G411KBU6, STM32G411M6T3, STM32G411M6T6, STM32G411M8T3, STM32G411M8T6, STM32G411MBT3, STM32G411MBT6, STM32G411MCT3, STM32G411MCT6, STM32G411R6T3, STM32G411R6T6, STM32G411R8T3, STM32G411R8T6, STM32G411RBT3, STM32G411RBT6, STM32G411RCT3, STM32G411RCT6, STM32G414CBT3, STM32G414CBT6, STM32G414CBU3, STM32G414CBU6, STM32G414CCT3, STM32G414CCT6, STM32G414CCU3, STM32G414CCU6, STM32G414MBT3, STM32G414MBT6, STM32G414MCT3, STM32G414MCT6, STM32G414RBT3, STM32G414RBT6, STM32G414RCT3, STM32G414RCT6, STM32G414VBT3, STM32G414VBT6, STM32G414VCT3, STM32G414VCT6, STM32G431CBT3Z, STM32G431RBT3Z, STM32G471CCT6, STM32G471CCU6, STM32G471CET3, STM32G471CET6, STM32G471CEU3, STM32G471CEU6, STM32G471MCT6, STM32G471MET3, STM32G471MET6, STM32G471MEY6TR, STM32G471QCT6, STM32G471QET3, STM32G471RCT6, STM32G471RET3, STM32G471RET6, STM32G471VCH6, STM32G471VCI6, STM32G471VCT6, STM32G471VEH3, STM32G471VEH6, STM32G471VEI3, STM32G471VEI6, STM32G471VET3, STM32G471VET6, STM32G473QET3Z, STM32G473RET3Z, STM32G474CCT6, STM32G491RET3Z, STM32H503CBT6, STM32H503CBU6, STM32H503EBY6TR, STM32H503KBU6, STM32H503RBT6, STM32H523CCT6, STM32H523CCU6, STM32H523CET6, STM32H523CEU6, STM32H523HEY6TR, STM32H523RCT6, STM32H523RET6, STM32H523VCI6, STM32H523VCT6, STM32H523VEI6, STM32H523VET6, STM32H523ZCJ6, STM32H523ZCT6, STM32H523ZEJ6, STM32H523ZET6, STM32H533CET6, STM32H533CEU6, STM32H533HEY6TR, STM32H533RET6, STM32H533VEI6, STM32H533VET6, STM32H533ZEJ6, STM32H533ZET6, STM32H562AGI6, STM32H562AII6, STM32H562IGK6, STM32H562IGT6, STM32H562IIK6, STM32H562IIT6, STM32H562RGT6, STM32H562RGV6, STM32H562RIT6, STM32H562RIV6, STM32H562VGT6, STM32H562VIT6, STM32H562ZGT6, STM32H562ZIT6, STM32H563AGI6, STM32H563AII3Q, STM32H563AII6, STM32H563IGK6, STM32H563IGT6, STM32H563IIK3Q, STM32H563IIK6, STM32H563IIT3Q, STM32H563IIT6, STM32H563MIY3QTR, STM32H563RGT6, STM32H563RGV6, STM32H563RIT6, STM32H563RIV6, STM32H563VGT6, STM32H563VIT3Q, STM32H563VIT6, STM32H563ZGT6, STM32H563ZIT3Q, STM32H563ZIT6, STM32H573AII3Q, STM32H573AII6, STM32H573I-DK, STM32H573IIK3Q, STM32H573IIK6, STM32H573IIT3Q, STM32H573IIT6, STM32H573MIY3QTR, STM32H573RIT6, STM32H573RIV6, STM32H573VIT3Q, STM32H573VIT6, STM32H573ZIT3Q, STM32H573ZIT6, STM32H7R3A8I6, STM32H7R3I8K6, STM32H7R3I8T6, STM32H7R3L8H6, STM32H7R3L8H6H, STM32H7R3R8V6, STM32H7R3V8H6, STM32H7R3V8T6, STM32H7R3V8Y6TR, STM32H7R3Z8J6, STM32H7R3Z8T6, STM32H7R7A8I6, STM32H7R7I8K6, STM32H7R7I8T6, STM32H7R7L8H6, STM32H7R7L8H6H, STM32H7R7Z8J6, STM32H7S3A8I6, STM32H7S3I8K6, STM32H7S3I8T6, STM32H7S3L8H6, STM32H7S3L8H6H, STM32H7S3R8V6, STM32H7S3V8H6, STM32H7S3V8T6, STM32H7S3V8Y6TR, STM32H7S3Z8J6, STM32H7S3Z8T6, STM32H7S78-DK, STM32H7S7A8I6, STM32H7S7I8K6, STM32H7S7I8T6, STM32H7S7L8H6, STM32H7S7L8H6H, STM32H7S7Z8J6, STM32L4R5QGI6STR, STM32MP131AAE3, STM32MP131AAF3, STM32MP131AAG3, STM32MP131CAE3, STM32MP131CAF3, STM32MP131CAG3, STM32MP131DAE7, STM32MP131DAF7, STM32MP131DAG7, STM32MP131FAE7, STM32MP131FAF7, STM32MP131FAG7, STM32MP133AAE3, STM32MP133AAF3, STM32MP133AAG3, STM32MP133CAE3, STM32MP133CAF3, STM32MP133CAG3, STM32MP133DAE7, STM32MP133DAF7, STM32MP133DAG7, STM32MP133FAE7, STM32MP133FAF7, STM32MP133FAG7, STM32MP135AAE3, STM32MP135AAF3, STM32MP135AAG3, STM32MP135CAE3, STM32MP135CAF3, STM32MP135CAG3, STM32MP135DAE7, STM32MP135DAF7, STM32MP135DAG7, STM32MP135F-DK, STM32MP135FAE7, STM32MP135FAF7, STM32MP135FAF7T, STM32MP135FAF7U, STM32MP135FAG7, STM32MP231AAJ3, STM32MP231AAK3, STM32MP231AAL3, STM32MP231CAJ3, STM32MP231CAK3, STM32MP231CAL3, STM32MP231DAJ3, STM32MP231DAK3, STM32MP231DAL3, STM32MP231FAJ3, STM32MP231FAK3, STM32MP231FAL3, STM32MP233AAJ3, STM32MP233AAK3, STM32MP233AAL3, STM32MP233CAJ3, STM32MP233CAK3, STM32MP233CAL3, STM32MP233DAJ3, STM32MP233DAK3, STM32MP233DAL3, STM32MP233FAJ3, STM32MP233FAK3, STM32MP233FAL3, STM32MP235AAJ3, STM32MP235AAK3, STM32MP235AAL3, STM32MP235CAJ3, STM32MP235CAK3, STM32MP235CAL3, STM32MP235DAJ3, STM32MP235DAK3, STM32MP235DAL3, STM32MP235FAJ3, STM32MP235FAK3, STM32MP235FAL3, STM32MP251AAI3, STM32MP251AAJ3, STM32MP251AAK3, STM32MP251AAL3, STM32MP251CAI3, STM32MP251CAJ3, STM32MP251CAK3, STM32MP251CAL3, STM32MP251DAI3, STM32MP251DAJ3, STM32MP251DAK3, STM32MP251DAL3, STM32MP251FAI3, STM32MP251FAJ3, STM32MP251FAK3, STM32MP251FAL3, STM32MP253AAI3, STM32MP253AAJ3, STM32MP253AAK3, STM32MP253AAL3, STM32MP253CAI3, STM32MP253CAJ3, STM32MP253CAK3, STM32MP253CAL3, STM32MP253DAI3, STM32MP253DAJ3, STM32MP253DAK3, STM32MP253DAL3, STM32MP253FAI3, STM32MP253FAJ3, STM32MP253FAK3, STM32MP253FAL3, STM32MP255AAI3, STM32MP255AAJ3, STM32MP255AAK3, STM32MP255AAL3, STM32MP255CAI3, STM32MP255CAJ3, STM32MP255CAK3, STM32MP255CAL3, STM32MP255DAI3, STM32MP255DAJ3, STM32MP255DAK3, STM32MP255DAL3, STM32MP255FAI3, STM32MP255FAJ3, STM32MP255FAK3, STM32MP255FAL3, STM32MP257AAI3, STM32MP257AAJ3, STM32MP257AAK3, STM32MP257AAL3, STM32MP257CAI3, STM32MP257CAJ3, STM32MP257CAK3, STM32MP257CAL3, STM32MP257DAI3, STM32MP257DAJ3, STM32MP257DAK3, STM32MP257DAL3, STM32MP257F-DK, STM32MP257F-EV1, STM32MP257FAI3, STM32MP257FAJ3, STM32MP257FAK3, STM32MP257FAL3, STM32N645A0H3Q, STM32N645B0H3Q, STM32N645I0H3Q, STM32N645L0H3Q, STM32N645X0H3Q, STM32N645Z0H3Q, STM32N647A0H3Q, STM32N647B0H3Q, STM32N647I0H3Q, STM32N647L0H3Q, STM32N647X0H3Q, STM32N647Z0H3Q, STM32N655A0H3Q, STM32N655B0H3Q, STM32N655I0H3Q, STM32N655L0H3Q, STM32N655X0H3Q, STM32N655Z0H3Q, STM32N6570-DK, STM32N657A0H3Q, STM32N657B0H3Q, STM32N657I0H3Q, STM32N657L0H3Q, STM32N657X0H3Q, STM32N657Z0H3Q, STM32U031C6T6, STM32U031C6U6, STM32U031C8T6, STM32U031C8U6, STM32U031F4P6, STM32U031F6P6, STM32U031F8P6, STM32U031G6Y6TR, STM32U031G8Y6TR, STM32U031K4U6, STM32U031K6U6, STM32U031K8U6, STM32U031R6I6, STM32U031R6T6, STM32U031R8I6, STM32U031R8T6, STM32U073C8T6, STM32U073C8U6, STM32U073CBT6, STM32U073CBU6, STM32U073CCT6, STM32U073CCU6, STM32U073H8Y6TR, STM32U073HBY6TR, STM32U073HCY6TR, STM32U073K8U6, STM32U073KBU6, STM32U073KCU6, STM32U073M8I6, STM32U073M8T6, STM32U073MBI6, STM32U073MBT6, STM32U073MCI6, STM32U073MCT6, STM32U073R8I6, STM32U073R8T6, STM32U073RBI6, STM32U073RBT6, STM32U073RCI6, STM32U073RCT6, STM32U083C-DK, STM32U083CCT6, STM32U083CCU6, STM32U083HCY6TR, STM32U083KCU6, STM32U083MCI6, STM32U083MCT6, STM32U083RCI6, STM32U083RCT6, STM32U375CET6, STM32U375CET6Q, STM32U375CEU6, STM32U375CEU6Q, STM32U375CEY6QTR, STM32U375CGT6, STM32U375CGT6Q, STM32U375CGU6, STM32U375CGU6Q, STM32U375CGY6QTR, STM32U375KEU6, STM32U375KGU6, STM32U375REI6, STM32U375REI6Q, STM32U375RET6, STM32U375RET6Q, STM32U375REY6GTR, STM32U375REY6QTR, STM32U375RGI6, STM32U375RGI6Q, STM32U375RGT6, STM32U375RGT6Q, STM32U375RGY6GTR, STM32U375RGY6QTR, STM32U375VEI6, STM32U375VEI6Q, STM32U375VET6, STM32U375VET6Q, STM32U375VGI6, STM32U375VGI6Q, STM32U375VGT6, STM32U375VGT6Q, STM32U385CGT6, STM32U385CGT6Q, STM32U385CGU6, STM32U385CGU6Q, STM32U385CGY6QTR, STM32U385KGU6, STM32U385RGI6, STM32U385RGI6Q, STM32U385RGT6, STM32U385RGT6Q, STM32U385RGY6GTR, STM32U385RGY6QTR, STM32U385VGI6, STM32U385VGI6Q, STM32U385VGT6, STM32U385VGT6Q, STM32U535CBT6, STM32U535CBT6Q, STM32U535CBU6, STM32U535CBU6Q, STM32U535CCT6, STM32U535CCT6Q, STM32U535CCU6, STM32U535CCU6Q, STM32U535CET6, STM32U535CET6Q, STM32U535CEU6, STM32U535CEU6Q, STM32U535JEY6QTR, STM32U535NCY6QTR, STM32U535NEY6QTR, STM32U535RBI6, STM32U535RBI6Q, STM32U535RBT6, STM32U535RBT6Q, STM32U535RCI6, STM32U535RCI6Q, STM32U535RCT6, STM32U535RCT6Q, STM32U535REI6, STM32U535REI6Q, STM32U535RET6, STM32U535RET6Q, STM32U535VCI6, STM32U535VCI6Q, STM32U535VCT6, STM32U535VCT6Q, STM32U535VEI6, STM32U535VEI6Q, STM32U535VET6, STM32U535VET6Q, STM32U545CET6, STM32U545CET6Q, STM32U545CEU6, STM32U545CEU6Q, STM32U545JEY6QTR, STM32U545NEY6QTR, STM32U545REI6, STM32U545REI6Q, STM32U545RET6, STM32U545RET6Q, STM32U545VEI6, STM32U545VEI6Q, STM32U545VET6, STM32U545VET6Q, STM32U595AIH6, STM32U595AIH6Q, STM32U595AJH6, STM32U595AJH6Q, STM32U595QII6, STM32U595QII6Q, STM32U595QJI6, STM32U595QJI6Q, STM32U595RIT6, STM32U595RIT6Q, STM32U595RJT6, STM32U595RJT6Q, STM32U595VIT6, STM32U595VIT6Q, STM32U595VJT6, STM32U595VJT6Q, STM32U595ZIT6, STM32U595ZIT6Q, STM32U595ZIY6QTR, STM32U595ZJT6, STM32U595ZJT6Q, STM32U595ZJY6QTR, STM32U599BJY6QTR, STM32U599NIH6Q, STM32U599NJH6Q, STM32U599VIT6Q, STM32U599VJT6, STM32U599VJT6Q, STM32U599ZIT6Q, STM32U599ZIY6QTR, STM32U599ZJT6Q, STM32U599ZJY6QTR, STM32U5A5AJH6, STM32U5A5AJH6Q, STM32U5A5QII3Q , STM32U5A5QJI6, STM32U5A5QJI6Q, STM32U5A5RJT6, STM32U5A5RJT6Q, STM32U5A5VJT6, STM32U5A5VJT6Q, STM32U5A5ZJT6, STM32U5A5ZJT6Q, STM32U5A5ZJY6QTR, STM32U5A9BJY6QTR, STM32U5A9J-DK, STM32U5A9NJH6Q, STM32U5A9VJT6Q, STM32U5A9ZJT6Q, STM32U5A9ZJY6QTR, STM32U5F7VIT6, STM32U5F7VIT6Q, STM32U5F7VJT6, STM32U5F7VJT6Q, STM32U5F9BJY6QTR, STM32U5F9NJH6Q, STM32U5F9VIT6Q, STM32U5F9VJT6Q, STM32U5F9ZIJ6QTR, STM32U5F9ZIT6Q, STM32U5F9ZJJ6QTR, STM32U5F9ZJT6Q, STM32U5G7VJT6, STM32U5G7VJT6Q, STM32U5G9BJY6QTR, STM32U5G9J-DK1, STM32U5G9J-DK2, STM32U5G9NJH6Q, STM32U5G9VJT6Q, STM32U5G9ZJJ6QTR, STM32U5G9ZJT6Q, STM32WB05KZV6TR, STM32WB05KZV7TR, STM32WB05TZF6TR, STM32WB05TZF7TR, STM32WB06CCF6TR, STM32WB06CCF7TR, STM32WB06CCV6TR, STM32WB06CCV7TR, STM32WB06KCV6TR, STM32WB06KCV7TR, STM32WB07CCF6TR, STM32WB07CCF7TR, STM32WB07CCV6TR, STM32WB07CCV7TR, STM32WB07KCV6TR, STM32WB07KCV7TR, STM32WB09KEV6TR, STM32WB09KEV7TR, STM32WB09TEF6TR, STM32WB09TEF7TR, STM32WB1MMCH6, STM32WBA50KGU6, STM32WBA50KGU6TR, STM32WBA52CEU6, STM32WBA52CEU6TR, STM32WBA52CEU7, STM32WBA52CEU7TR, STM32WBA52CGU6, STM32WBA52CGU6TR, STM32WBA52CGU6U, STM32WBA52CGU7, STM32WBA52CGU7TR, STM32WBA52KEU6, STM32WBA52KEU6TR, STM32WBA52KGU6, STM32WBA52KGU6TR, STM32WBA54CEU6, STM32WBA54CEU6TR, STM32WBA54CEU7, STM32WBA54CEU7TR, STM32WBA54CGU6, STM32WBA54CGU6TR, STM32WBA54CGU7, STM32WBA54CGU7TR, STM32WBA54KEU6, STM32WBA54KEU6TR, STM32WBA54KEU7, STM32WBA54KEU7TR, STM32WBA54KGU6, STM32WBA54KGU6TR, STM32WBA54KGU7, STM32WBA54KGU7TR, STM32WBA55CEU6, STM32WBA55CEU6TR, STM32WBA55CEU7, STM32WBA55CEU7TR, STM32WBA55CGU6, STM32WBA55CGU6TR, STM32WBA55CGU6U, STM32WBA55CGU7, STM32WBA55CGU7TR, STM32WBA55G-DK1, STM32WBA55HEF6, STM32WBA55HEF7, STM32WBA55HGF6, STM32WBA55HGF7, STM32WBA55UEI6, STM32WBA55UEI6TR, STM32WBA55UEI7, STM32WBA55UEI7TR, STM32WBA55UGI6, STM32WBA55UGI6TR, STM32WBA55UGI7, STM32WBA55UGI7TR, STM32WBA5MJGH6TR, STM32WBA62CGU6, STM32WBA62CIU6, STM32WBA62MGF6, STM32WBA62MIF6, STM32WBA62PGI6, STM32WBA62PII6, STM32WBA63CGU6, STM32WBA63CGU7, STM32WBA63CIU6, STM32WBA63CIU7, STM32WBA64CGU6, STM32WBA64CGU7, STM32WBA64CIU6, STM32WBA64CIU7, STM32WBA65CGU6, STM32WBA65CGU7, STM32WBA65CIU6, STM32WBA65CIU7, STM32WBA65I-DK1, STM32WBA65MGF6, STM32WBA65MGF7, STM32WBA65MIF6, STM32WBA65MIF7, STM32WBA65PGI6, STM32WBA65PGI7, STM32WBA65PII6, STM32WBA65PII7, STM32WBA65RGV6, STM32WBA65RGV7, STM32WBA65RIV6, STM32WBA65RIV7, STM32WL30K8V6, STM32WL30KBV6, STM32WL31C8V6, STM32WL31CBV6, STM32WL31K8V6, STM32WL31KBV6, STM32WL33C8V6, STM32WL33C8V6TR, STM32WL33C8V7, STM32WL33C8V7TR, STM32WL33CBV6, STM32WL33CBV6TR, STM32WL33CBV7, STM32WL33CBV7TR, STM32WL33CCV6, STM32WL33CCV6TR, STM32WL33CCV7, STM32WL33CCV7A, STM32WL33CCV7ATR, STM32WL33CCV7TR, STM32WL33K8V6, STM32WL33K8V6TR, STM32WL33K8V7, STM32WL33K8V7TR, STM32WL33KBV6, STM32WL33KBV6TR, STM32WL33KBV7, STM32WL33KBV7TR, STM32WL33KCV6, STM32WL33KCV6TR, STM32WL33KCV7, STM32WL33KCV7TR, STM32WL5MOCH6, STM32WL5MOCH6TR]
2025-06-20 14:28:04,386 [INFO] DbMcus:218 - Found 4686 MCUs, 4686 are supported
2025-06-20 14:28:04,387 [INFO] ApiDb:423 - Load user favorites file C:\Users\ashen/.stm32cubeide/favorites.mcus.txt: 0 item(s)
2025-06-20 14:28:04,387 [INFO] ApiDb:427 - User favorites MCUs=[]
2025-06-20 14:28:04,387 [INFO] DbMcus:224 - Set 0 / 0 favorites MCUs
2025-06-20 14:28:05,272 [INFO] ApiDb:423 - Load user favorites file C:\Users\ashen/.stm32cubeide/favorites.boards.txt: 0 item(s)
2025-06-20 14:28:05,272 [INFO] ApiDb:427 - User favorites Boards=[]
2025-06-20 14:28:05,272 [INFO] DbBoards:198 - Set 0 / 0 favorites Boards
2025-06-20 14:28:05,384 [INFO] UtilMem:75 - End LoadConfig() Used Memory: 619248208 Bytes (1073741824)
2025-06-20 14:28:05,583 [WARN] ThirdParty:833 - waiting for thirdparty lock release [change project]
2025-06-20 14:28:05,584 [INFO] ThirdParty:835 - entering critical section [change project]
2025-06-20 14:28:05,584 [INFO] ThirdParty:1030 - CMSIS Pack Vendor :STMicroelectronics USBPD 4.1
2025-06-20 14:28:05,585 [INFO] ThirdParty:1030 - CMSIS Pack Vendor :STMicroelectronics X-CUBE-AZRTOS-H7 3.3.0
2025-06-20 14:28:05,585 [INFO] ThirdParty:1030 - CMSIS Pack Vendor :STMicroelectronics X-CUBE-NFC9 1.0.0
2025-06-20 14:28:05,585 [INFO] ThirdParty:1030 - CMSIS Pack Vendor :STMicroelectronics USB_HOST 2.0.0
2025-06-20 14:28:05,585 [INFO] ThirdParty:1030 - CMSIS Pack Vendor :STMicroelectronics FP-SNS-MOTENVWB1 1.4.0
2025-06-20 14:28:05,585 [INFO] ThirdParty:1030 - CMSIS Pack Vendor :STMicroelectronics X-CUBE-AZRTOS-F4 1.1.0
2025-06-20 14:28:05,585 [INFO] ThirdParty:1030 - CMSIS Pack Vendor :STMicroelectronics LIBJPEG 8.0.0
2025-06-20 14:28:05,585 [INFO] ThirdParty:1030 - CMSIS Pack Vendor :STMicroelectronics FP-ATR-ASTRA1 2.0.2
2025-06-20 14:28:05,585 [INFO] ThirdParty:1030 - CMSIS Pack Vendor :STMicroelectronics FP-ATR-ASTRA1 2.0.1
2025-06-20 14:28:05,585 [INFO] ThirdParty:1030 - CMSIS Pack Vendor :STMicroelectronics X-CUBE-BLE1 7.1.0
2025-06-20 14:28:05,585 [INFO] ThirdParty:1030 - CMSIS Pack Vendor :Avnet-IotConnect X-CUBE-IoTC-DA16k-PMOD 1.0.0
2025-06-20 14:28:05,585 [INFO] ThirdParty:1030 - CMSIS Pack Vendor :STMicroelectronics X-CUBE-SMBUS 2.1.0
2025-06-20 14:28:05,585 [INFO] ThirdParty:1030 - CMSIS Pack Vendor :STMicroelectronics X-CUBE-WB05N 1.1.0
2025-06-20 14:28:05,585 [INFO] ThirdParty:1030 - CMSIS Pack Vendor :STMicroelectronics USB_DEVICE 3.0.0
2025-06-20 14:28:05,585 [INFO] ThirdParty:1030 - CMSIS Pack Vendor :STMicroelectronics X-CUBE-ISPU 2.1.0
2025-06-20 14:28:05,585 [INFO] ThirdParty:1030 - CMSIS Pack Vendor :STMicroelectronics X-CUBE-AZRTOS-WB 2.0.0
2025-06-20 14:28:05,585 [INFO] ThirdParty:1030 - CMSIS Pack Vendor :STMicroelectronics X-CUBE-ST60 1.0.0
2025-06-20 14:28:05,585 [INFO] ThirdParty:1030 - CMSIS Pack Vendor :STMicroelectronics X-CUBE-GNSS1 7.0.1
2025-06-20 14:28:05,585 [INFO] ThirdParty:1030 - CMSIS Pack Vendor :STMicroelectronics X-CUBE-AZRTOS-F7 1.1.0
2025-06-20 14:28:05,585 [INFO] ThirdParty:1030 - CMSIS Pack Vendor :STMicroelectronics X-CUBE-AZRTOS-L5 2.0.0
2025-06-20 14:28:05,586 [INFO] ThirdParty:1030 - CMSIS Pack Vendor :STMicroelectronics X-CUBE-TOUCHGFX 4.25.0
2025-06-20 14:28:05,586 [INFO] ThirdParty:1030 - CMSIS Pack Vendor :STMicroelectronics USB_DEVICE 2.0.0
2025-06-20 14:28:05,586 [INFO] ThirdParty:1030 - CMSIS Pack Vendor :STMicroelectronics X-CUBE-NFC6 3.1.0
2025-06-20 14:28:05,586 [INFO] ThirdParty:1030 - CMSIS Pack Vendor :STMicroelectronics X-CUBE-AI 10.1.0
2025-06-20 14:28:05,586 [INFO] ThirdParty:1030 - CMSIS Pack Vendor :STMicroelectronics FP-SNS-STBOX1 2.0.0
2025-06-20 14:28:05,586 [INFO] ThirdParty:1030 - CMSIS Pack Vendor :STMicroelectronics X-CUBE-MEMS1 11.2.0
2025-06-20 14:28:05,586 [INFO] ThirdParty:1030 - CMSIS Pack Vendor :STMicroelectronics FreeRTOS 0.0.1
2025-06-20 14:28:05,586 [INFO] ThirdParty:1030 - CMSIS Pack Vendor :STMicroelectronics X-CUBE-AZRTOS-G0 1.1.0
2025-06-20 14:28:05,586 [INFO] ThirdParty:1030 - CMSIS Pack Vendor :STMicroelectronics X-CUBE-SAFEA1 1.2.2
2025-06-20 14:28:05,586 [INFO] ThirdParty:1030 - CMSIS Pack Vendor :STMicroelectronics X-CUBE-NFC4 3.0.0
2025-06-20 14:28:05,586 [INFO] ThirdParty:1030 - CMSIS Pack Vendor :STMicroelectronics X-CUBE-DPower 1.2.0
2025-06-20 14:28:05,586 [INFO] ThirdParty:1030 - CMSIS Pack Vendor :STMicroelectronics X-CUBE-SUBG2 5.0.0
2025-06-20 14:28:05,586 [INFO] ThirdParty:1030 - CMSIS Pack Vendor :STMicroelectronics X-CUBE-AZRTOS-H7RS 1.1.0
2025-06-20 14:28:05,586 [INFO] ThirdParty:1030 - CMSIS Pack Vendor :STMicroelectronics STM32_WPAN 1.0.0
2025-06-20 14:28:05,586 [INFO] ThirdParty:1030 - CMSIS Pack Vendor :EmbeddedOffice I-CUBE-FS-RTOS 1.0.1
2025-06-20 14:28:05,586 [INFO] ThirdParty:1030 - CMSIS Pack Vendor :STMicroelectronics lwIP 2.0.3
2025-06-20 14:28:05,586 [INFO] ThirdParty:1030 - CMSIS Pack Vendor :STMicroelectronics FP-SNS-FLIGHT1 5.0.2
2025-06-20 14:28:05,586 [INFO] ThirdParty:1030 - CMSIS Pack Vendor :Cesanta I-CUBE-Mongoose 7.13.0
2025-06-20 14:28:05,586 [INFO] ThirdParty:1030 - CMSIS Pack Vendor :STMicroelectronics USB_HOST 1.0.0
2025-06-20 14:28:05,586 [INFO] ThirdParty:1030 - CMSIS Pack Vendor :Infineon AIROC-Wi-Fi-Bluetooth-STM32 1.7.0
2025-06-20 14:28:05,586 [INFO] ThirdParty:1030 - CMSIS Pack Vendor :STMicroelectronics X-CUBE-AZRTOS-G4 2.0.0
2025-06-20 14:28:05,586 [INFO] ThirdParty:1030 - CMSIS Pack Vendor :STMicroelectronics X-CUBE-WB05N 2.0.0
2025-06-20 14:28:05,586 [INFO] ThirdParty:1030 - CMSIS Pack Vendor :STMicroelectronics PDM2PCM 3.1.0
2025-06-20 14:28:05,586 [INFO] ThirdParty:1030 - CMSIS Pack Vendor :STMicroelectronics PDM2PCM 3.3.0
2025-06-20 14:28:05,586 [INFO] ThirdParty:1030 - CMSIS Pack Vendor :STMicroelectronics X-CUBE-DISPLAY 3.0.0
2025-06-20 14:28:05,588 [INFO] ThirdParty:1030 - CMSIS Pack Vendor :STMicroelectronics X-CUBE-NFC7 2.0.0
2025-06-20 14:28:05,588 [INFO] ThirdParty:1030 - CMSIS Pack Vendor :STMicroelectronics X-CUBE-TCPP 4.2.0
2025-06-20 14:28:05,588 [INFO] ThirdParty:1030 - CMSIS Pack Vendor :RealThread X-CUBE-RT-Thread_Nano 4.1.1
2025-06-20 14:28:05,588 [INFO] ThirdParty:1030 - CMSIS Pack Vendor :STMicroelectronics X-CUBE-BLE1 7.0.0
2025-06-20 14:28:05,588 [INFO] ThirdParty:1030 - CMSIS Pack Vendor :STMicroelectronics FP-ATR-SIGFOX1 3.2.0
2025-06-20 14:28:05,588 [INFO] ThirdParty:1030 - CMSIS Pack Vendor :STMicroelectronics X-CUBE-NFC10 1.0.0
2025-06-20 14:28:05,588 [INFO] ThirdParty:1030 - CMSIS Pack Vendor :quantropi X-CUBE-qispace-sdk-base 1.9.3
2025-06-20 14:28:05,588 [INFO] ThirdParty:1030 - CMSIS Pack Vendor :STMicroelectronics X-CUBE-BLEMGR 4.0.0
2025-06-20 14:28:05,588 [INFO] ThirdParty:1030 - CMSIS Pack Vendor :STMicroelectronics X-CUBE-EEPRMA1 5.1.0
2025-06-20 14:28:05,588 [INFO] ThirdParty:1030 - CMSIS Pack Vendor :STMicroelectronics X-CUBE-FREERTOS 1.3.1
2025-06-20 14:28:05,588 [INFO] ThirdParty:1030 - CMSIS Pack Vendor :STMicroelectronics HAL Drivers 0.0.0
2025-06-20 14:28:05,588 [INFO] ThirdParty:1030 - CMSIS Pack Vendor :STMicroelectronics MBEDTLS 2.16.2
2025-06-20 14:28:05,588 [INFO] ThirdParty:1030 - CMSIS Pack Vendor :STMicroelectronics X-CUBE-IPS 3.1.0
2025-06-20 14:28:05,588 [INFO] ThirdParty:1030 - CMSIS Pack Vendor :STMicroelectronics X-CUBE-ALS 1.0.2
2025-06-20 14:28:05,588 [INFO] ThirdParty:1030 - CMSIS Pack Vendor :emotas I-CUBE-CANOPEN 1.3.0
2025-06-20 14:28:05,588 [INFO] ThirdParty:1030 - CMSIS Pack Vendor :STMicroelectronics X-CUBE-FREERTOS 1.3.0
2025-06-20 14:28:05,588 [INFO] ThirdParty:1030 - CMSIS Pack Vendor :STMicroelectronics X-CUBE-NFC7 1.0.1
2025-06-20 14:28:05,588 [INFO] ThirdParty:1030 - CMSIS Pack Vendor :STMicroelectronics MBEDTLS 2.14.1
2025-06-20 14:28:05,588 [INFO] ThirdParty:1030 - CMSIS Pack Vendor :wolfSSL I-CUBE-wolfSSL 5.7.6
2025-06-20 14:28:05,588 [INFO] ThirdParty:1030 - CMSIS Pack Vendor :ITTIA_DB I-CUBE-ITTIADB 8.9.0
2025-06-20 14:28:05,588 [INFO] ThirdParty:1030 - CMSIS Pack Vendor :STMicroelectronics X-CUBE-TOUCHGFX 4.24.2
2025-06-20 14:28:05,588 [INFO] ThirdParty:1030 - CMSIS Pack Vendor :wolfSSL I-CUBE-wolfTPM 3.4.0
2025-06-20 14:28:05,588 [INFO] ThirdParty:1030 - CMSIS Pack Vendor :portGmbH I-Cube-SoM-uGOAL 1.1.0
2025-06-20 14:28:05,588 [INFO] ThirdParty:1030 - CMSIS Pack Vendor :STMicroelectronics X-CUBE-AI 10.0.0
2025-06-20 14:28:05,589 [INFO] ThirdParty:1030 - CMSIS Pack Vendor :STMicroelectronics X-CUBE-ST67W61 1.0.0
2025-06-20 14:28:05,589 [INFO] ThirdParty:1030 - CMSIS Pack Vendor :STMicroelectronics ThreadX 1.0.0
2025-06-20 14:28:05,589 [INFO] ThirdParty:1030 - CMSIS Pack Vendor :STMicroelectronics FP-SNS-SMARTAG2 1.2.0
2025-06-20 14:28:05,589 [INFO] ThirdParty:1030 - CMSIS Pack Vendor :STMicroelectronics FP-SNS-FLIGHT1 5.1.0
2025-06-20 14:28:05,589 [INFO] ThirdParty:1030 - CMSIS Pack Vendor :STMicroelectronics X-CUBE-MEMS1 11.1.0
2025-06-20 14:28:05,589 [INFO] ThirdParty:1030 - CMSIS Pack Vendor :STMicroelectronics X-CUBE-AZRTOS-WL 2.0.0
2025-06-20 14:28:05,589 [INFO] ThirdParty:1030 - CMSIS Pack Vendor :SEGGER I-CUBE-embOS 1.3.1
2025-06-20 14:28:05,589 [INFO] ThirdParty:1030 - CMSIS Pack Vendor :STMicroelectronics X-CUBE-ALGOBUILD 1.4.0
2025-06-20 14:28:05,589 [INFO] ThirdParty:1030 - CMSIS Pack Vendor :STMicroelectronics X-CUBE-DPower 1.3.0
2025-06-20 14:28:05,589 [INFO] ThirdParty:1030 - CMSIS Pack Vendor :STMicroelectronics X-CUBE-MEMS1 11.3.0
2025-06-20 14:28:05,589 [INFO] ThirdParty:1030 - CMSIS Pack Vendor :STMicroelectronics FP-SNS-MOTENV1 5.0.0
2025-06-20 14:28:05,589 [INFO] ThirdParty:1030 - CMSIS Pack Vendor :STMicroelectronics USB_DEVICE 1.0.0
2025-06-20 14:28:05,589 [INFO] ThirdParty:1030 - CMSIS Pack Vendor :STMicroelectronics X-CUBE-AZRTOS-H7RS 1.0.0
2025-06-20 14:28:05,589 [INFO] ThirdParty:1030 - CMSIS Pack Vendor :wolfSSL I-CUBE-wolfMQTT 1.19.0
2025-06-20 14:28:05,589 [INFO] ThirdParty:1030 - CMSIS Pack Vendor :STMicroelectronics X-CUBE-AZRTOS-L4 2.0.0
2025-06-20 14:28:05,589 [INFO] ThirdParty:1030 - CMSIS Pack Vendor :STMicroelectronics ThreadX 0.0.2
2025-06-20 14:28:05,589 [INFO] ThirdParty:1030 - CMSIS Pack Vendor :WES I-CUBE-Cesium 1.3.0
2025-06-20 14:28:05,589 [INFO] ThirdParty:1030 - CMSIS Pack Vendor :STMicroelectronics lwIP 2.1.2
2025-06-20 14:28:05,589 [INFO] ThirdParty:1030 - CMSIS Pack Vendor :STMicroelectronics X-CUBE-SFXS2LP1 4.0.0
2025-06-20 14:28:05,589 [INFO] ThirdParty:1030 - CMSIS Pack Vendor :STMicroelectronics X-CUBE-BLE2 3.3.0
2025-06-20 14:28:05,589 [INFO] ThirdParty:1030 - CMSIS Pack Vendor :STMicroelectronics X-CUBE-TOF1 3.4.2
2025-06-20 14:28:05,589 [INFO] ThirdParty:1030 - CMSIS Pack Vendor :STMicroelectronics X-CUBE-TOF1 3.4.3
2025-06-20 14:28:05,589 [INFO] ThirdParty:1030 - CMSIS Pack Vendor :STMicroelectronics PDM2PCM 3.2.0
2025-06-20 14:28:05,589 [INFO] ThirdParty:1030 - CMSIS Pack Vendor :wolfSSL I-CUBE-wolfSSH 1.4.17
2025-06-20 14:28:05,590 [INFO] ThirdParty:841 - exiting critical section [change project]
2025-06-20 14:28:06,893 [INFO] PinOutPanel:1589 - setPackage(No Configuration,No Configuration)
2025-06-20 14:28:06,902 [INFO] PinOutPanel:1589 - setPackage(STM32F756ZGTx,LQFP144)
2025-06-20 14:28:08,521 [INFO] UtilMem:75 - Before build in PCC Used Memory: 735109384 Bytes (1073741824)
2025-06-20 14:28:09,666 [INFO] UtilMem:75 - After build in PCC Used Memory: 827384072 Bytes (1073741824)
2025-06-20 14:28:09,783 [INFO] ApiDbMcu:508 - Load IP Config File for FATFS
2025-06-20 14:28:09,801 [INFO] ApiDbMcu:508 - Load IP Config File for FREERTOS
2025-06-20 14:28:09,847 [INFO] IPUIPlugin:80 - create IPUIPlugin
2025-06-20 14:28:09,847 [INFO] IPUIPlugin:80 - create IPUIPlugin
2025-06-20 14:28:09,847 [INFO] IPUIPlugin:80 - create IPUIPlugin
2025-06-20 14:28:09,847 [INFO] IPUIPlugin:80 - create IPUIPlugin
2025-06-20 14:28:09,848 [INFO] IPUIPlugin:80 - create IPUIPlugin
2025-06-20 14:28:09,848 [INFO] IPUIPlugin:80 - create IPUIPlugin
2025-06-20 14:28:09,849 [INFO] IPUIPlugin:80 - create IPUIPlugin
2025-06-20 14:28:09,849 [INFO] IPUIPlugin:80 - create IPUIPlugin
2025-06-20 14:28:09,849 [INFO] IPUIPlugin:80 - create IPUIPlugin
2025-06-20 14:28:09,849 [INFO] IPUIPlugin:80 - create IPUIPlugin
2025-06-20 14:28:09,863 [INFO] IPUIPlugin:80 - create IPUIPlugin
2025-06-20 14:28:09,864 [INFO] IPUIPlugin:80 - create IPUIPlugin
2025-06-20 14:28:09,864 [INFO] IPUIPlugin:80 - create IPUIPlugin
2025-06-20 14:28:09,864 [INFO] IPUIPlugin:80 - create IPUIPlugin
2025-06-20 14:28:09,864 [INFO] IPUIPlugin:80 - create IPUIPlugin
2025-06-20 14:28:09,865 [INFO] IPUIPlugin:80 - create IPUIPlugin
2025-06-20 14:28:09,865 [INFO] IPUIPlugin:80 - create IPUIPlugin
2025-06-20 14:28:09,865 [INFO] IPUIPlugin:80 - create IPUIPlugin
2025-06-20 14:28:09,865 [INFO] IPUIPlugin:80 - create IPUIPlugin
2025-06-20 14:28:09,865 [INFO] IPUIPlugin:80 - create IPUIPlugin
2025-06-20 14:28:09,865 [INFO] IPUIPlugin:80 - create IPUIPlugin
2025-06-20 14:28:09,865 [INFO] IPUIPlugin:80 - create IPUIPlugin
2025-06-20 14:28:09,867 [INFO] IPUIPlugin:80 - create IPUIPlugin
2025-06-20 14:28:09,867 [INFO] IPUIPlugin:80 - create IPUIPlugin
2025-06-20 14:28:09,867 [INFO] IPUIPlugin:80 - create IPUIPlugin
2025-06-20 14:28:09,867 [INFO] IPUIPlugin:80 - create IPUIPlugin
2025-06-20 14:28:09,867 [INFO] IPUIPlugin:80 - create IPUIPlugin
2025-06-20 14:28:09,867 [INFO] IPUIPlugin:80 - create IPUIPlugin
2025-06-20 14:28:09,868 [INFO] IPUIPlugin:80 - create IPUIPlugin
2025-06-20 14:28:09,868 [INFO] IPUIPlugin:80 - create IPUIPlugin
2025-06-20 14:28:09,868 [INFO] IPUIPlugin:80 - create IPUIPlugin
2025-06-20 14:28:09,868 [INFO] IPUIPlugin:80 - create IPUIPlugin
2025-06-20 14:28:09,869 [INFO] IPUIPlugin:80 - create IPUIPlugin
2025-06-20 14:28:09,869 [INFO] IPUIPlugin:80 - create IPUIPlugin
2025-06-20 14:28:09,869 [INFO] IPUIPlugin:80 - create IPUIPlugin
2025-06-20 14:28:09,869 [INFO] IPUIPlugin:80 - create IPUIPlugin
2025-06-20 14:28:09,870 [INFO] IPUIPlugin:80 - create IPUIPlugin
2025-06-20 14:28:09,870 [INFO] IPUIPlugin:80 - create IPUIPlugin
2025-06-20 14:28:09,870 [INFO] IPUIPlugin:80 - create IPUIPlugin
2025-06-20 14:28:09,870 [INFO] IPUIPlugin:80 - create IPUIPlugin
2025-06-20 14:28:09,871 [INFO] IPUIPlugin:80 - create IPUIPlugin
2025-06-20 14:28:09,871 [INFO] IPUIPlugin:80 - create IPUIPlugin
2025-06-20 14:28:09,871 [INFO] IPUIPlugin:80 - create IPUIPlugin
2025-06-20 14:28:09,871 [INFO] IPUIPlugin:80 - create IPUIPlugin
2025-06-20 14:28:09,872 [INFO] IPUIPlugin:80 - create IPUIPlugin
2025-06-20 14:28:09,872 [INFO] IPUIPlugin:80 - create IPUIPlugin
2025-06-20 14:28:09,872 [INFO] IPUIPlugin:80 - create IPUIPlugin
2025-06-20 14:28:09,872 [INFO] IPUIPlugin:80 - create IPUIPlugin
2025-06-20 14:28:09,873 [INFO] IPUIPlugin:80 - create IPUIPlugin
2025-06-20 14:28:09,873 [INFO] IPUIPlugin:80 - create IPUIPlugin
2025-06-20 14:28:09,873 [INFO] IPUIPlugin:80 - create IPUIPlugin
2025-06-20 14:28:09,873 [INFO] IPUIPlugin:80 - create IPUIPlugin
2025-06-20 14:28:09,873 [INFO] IPUIPlugin:80 - create IPUIPlugin
2025-06-20 14:28:09,873 [INFO] IPUIPlugin:80 - create IPUIPlugin
2025-06-20 14:28:09,874 [INFO] IPUIPlugin:80 - create IPUIPlugin
2025-06-20 14:28:09,874 [INFO] IPUIPlugin:80 - create IPUIPlugin
2025-06-20 14:28:09,874 [INFO] IPUIPlugin:80 - create IPUIPlugin
2025-06-20 14:28:09,875 [INFO] IPUIPlugin:80 - create IPUIPlugin
2025-06-20 14:28:09,875 [INFO] IPUIPlugin:80 - create IPUIPlugin
2025-06-20 14:28:09,875 [INFO] IPUIPlugin:80 - create IPUIPlugin
2025-06-20 14:28:09,875 [INFO] IPUIPlugin:80 - create IPUIPlugin
2025-06-20 14:28:09,876 [INFO] IPUIPlugin:80 - create IPUIPlugin
2025-06-20 14:28:09,876 [INFO] IPUIPlugin:80 - create IPUIPlugin
2025-06-20 14:28:09,876 [INFO] IPUIPlugin:80 - create IPUIPlugin
2025-06-20 14:28:09,877 [INFO] IPUIPlugin:80 - create IPUIPlugin
2025-06-20 14:28:09,877 [INFO] IPUIPlugin:80 - create IPUIPlugin
2025-06-20 14:28:09,878 [INFO] IPUIPlugin:80 - create IPUIPlugin
2025-06-20 14:28:09,878 [INFO] IPUIPlugin:80 - create IPUIPlugin
2025-06-20 14:28:09,880 [INFO] IPUIPlugin:80 - create IPUIPlugin
2025-06-20 14:28:09,880 [INFO] IPUIPlugin:80 - create IPUIPlugin
2025-06-20 14:28:09,880 [INFO] IPUIPlugin:80 - create IPUIPlugin
2025-06-20 14:28:09,881 [INFO] IPUIPlugin:80 - create IPUIPlugin
2025-06-20 14:28:09,881 [INFO] IPUIPlugin:80 - create IPUIPlugin
2025-06-20 14:28:09,882 [INFO] IPUIPlugin:80 - create IPUIPlugin
2025-06-20 14:28:09,883 [INFO] IPUIPlugin:80 - create IPUIPlugin
2025-06-20 14:28:09,883 [INFO] IPUIPlugin:80 - create IPUIPlugin
2025-06-20 14:28:10,025 [INFO] ApiDbMcu:508 - Load IP Config File for PDM2PCM
2025-06-20 14:28:10,113 [WARN] FreeRTOS:1023 - Null or empty value: should not occur! (nothing added to the table)
2025-06-20 14:28:10,426 [INFO] CADModel:165 - CPN selected for project levelSTM32F756ZGT6
2025-06-20 14:28:10,428 [INFO] CADModel:114 - Register for checkConnection events
2025-06-20 14:28:10,433 [INFO] RtosManager:725 - Active RTOS found at IOC load: FREERTOS [Cortex-M7NS]
2025-06-20 14:28:10,512 [INFO] OpenFileManager:385 - Restore cursor
2025-06-20 14:28:30,963 [ERROR] RtosPanel:558 - Can not restore the selected Tab for FREERTOS(A reason can be that the tab is no more available.)
2025-06-20 14:30:28,079 [INFO] UtilMem:75 - End SaveConfig() Used Memory: 701599464 Bytes (1073741824)
2025-06-20 14:30:29,451 [INFO] UtilMem:75 - End SaveConfig() Used Memory: 768186088 Bytes (1073741824)
2025-06-20 14:30:31,921 [INFO] UtilMem:75 - End SaveConfig() Used Memory: 891391720 Bytes (1073741824)
2025-06-20 14:30:35,357 [INFO] BlockDiagram:2775 - set Specific Code input for plugin: SPI
2025-06-20 14:30:35,357 [INFO] BlockDiagram:2775 - set Specific Code input for plugin: FREERTOS
2025-06-20 14:30:35,357 [INFO] BlockDiagram:2775 - set Specific Code input for plugin: TIM1_8F7
2025-06-20 14:30:35,357 [INFO] BlockDiagram:2775 - set Specific Code input for plugin: TIM1_8F7
2025-06-20 14:30:35,358 [INFO] BlockDiagram:2775 - set Specific Code input for plugin: SYS
2025-06-20 14:30:35,358 [INFO] BlockDiagram:2775 - set Specific Code input for plugin: RCC
2025-06-20 14:30:35,358 [INFO] BlockDiagram:2775 - set Specific Code input for plugin: NVIC
2025-06-20 14:30:35,358 [INFO] BlockDiagram:2775 - set Specific Code input for plugin: TIM1_8F7
2025-06-20 14:30:35,358 [INFO] BlockDiagram:2775 - set Specific Code input for plugin: CORTEX_M7
2025-06-20 14:30:35,358 [INFO] BlockDiagram:2775 - set Specific Code input for plugin: DAC
2025-06-20 14:30:35,358 [INFO] BlockDiagram:2775 - set Specific Code input for plugin: GPIO
2025-06-20 14:30:35,358 [INFO] BlockDiagram:2775 - set Specific Code input for plugin: FATFS
2025-06-20 14:30:35,359 [INFO] CodeGenerator:882 - code generatio: config db path: C:\ST\STM32CubeIDE_1.17.0\STM32CubeIDE\plugins\com.st.stm32cube.common.mx_6.14.0.202502271554\\db\
2025-06-20 14:30:36,058 [INFO] CodeEngine:263 - oldGeneratedFile, C:\Users\ashen\Documents\GitHub\MSc-Project\P01\BMTR_RTOS_ASRV1\MXTmpFiles\license.tmp_save
2025-06-20 14:30:36,723 [INFO] CodeEngine:287 - Generated code: C:\Users\ashen\Documents\GitHub\MSc-Project\P01\BMTR_RTOS_ASRV1\MXTmpFiles\license.tmp
2025-06-20 14:30:36,864 [INFO] CodeEngine:263 - oldGeneratedFile, C:\Users\ashen\Documents\GitHub\MSc-Project\P01\BMTR_RTOS_ASRV1\MXTmpFiles\gpio.tmp_save
2025-06-20 14:30:37,145 [INFO] CodeEngine:287 - Generated code: C:\Users\ashen\Documents\GitHub\MSc-Project\P01\BMTR_RTOS_ASRV1\MXTmpFiles\gpio.tmp
2025-06-20 14:30:37,762 [INFO] Middleware:1452 - No code input for Bsp Dependency
2025-06-20 14:30:37,772 [INFO] CodeEngine:263 - oldGeneratedFile, C:\Users\ashen\Documents\GitHub\MSc-Project\P01\BMTR_RTOS_ASRV1\MXTmpFiles\rtos_inc.tmp_save
2025-06-20 14:30:37,952 [INFO] CodeEngine:287 - Generated code: C:\Users\ashen\Documents\GitHub\MSc-Project\P01\BMTR_RTOS_ASRV1\MXTmpFiles\rtos_inc.tmp
2025-06-20 14:30:37,958 [INFO] CodeEngine:263 - oldGeneratedFile, C:\Users\ashen\Documents\GitHub\MSc-Project\P01\BMTR_RTOS_ASRV1\MXTmpFiles\rtos_vars.tmp_save
2025-06-20 14:30:38,041 [INFO] CodeEngine:287 - Generated code: C:\Users\ashen\Documents\GitHub\MSc-Project\P01\BMTR_RTOS_ASRV1\MXTmpFiles\rtos_vars.tmp
2025-06-20 14:30:38,045 [INFO] CodeEngine:263 - oldGeneratedFile, C:\Users\ashen\Documents\GitHub\MSc-Project\P01\BMTR_RTOS_ASRV1\MXTmpFiles\rtos_pfp.tmp_save
2025-06-20 14:30:38,122 [INFO] CodeEngine:287 - Generated code: C:\Users\ashen\Documents\GitHub\MSc-Project\P01\BMTR_RTOS_ASRV1\MXTmpFiles\rtos_pfp.tmp
2025-06-20 14:30:38,239 [INFO] CodeEngine:263 - oldGeneratedFile, C:\Users\ashen\Documents\GitHub\MSc-Project\P01\BMTR_RTOS_ASRV1\MXTmpFiles\rtos_obj_creat.tmp_save
2025-06-20 14:30:38,375 [INFO] CodeEngine:287 - Generated code: C:\Users\ashen\Documents\GitHub\MSc-Project\P01\BMTR_RTOS_ASRV1\MXTmpFiles\rtos_obj_creat.tmp
2025-06-20 14:30:38,380 [INFO] CodeEngine:263 - oldGeneratedFile, C:\Users\ashen\Documents\GitHub\MSc-Project\P01\BMTR_RTOS_ASRV1\MXTmpFiles\rtos_kernelStart.tmp_save
2025-06-20 14:30:38,458 [INFO] CodeEngine:287 - Generated code: C:\Users\ashen\Documents\GitHub\MSc-Project\P01\BMTR_RTOS_ASRV1\MXTmpFiles\rtos_kernelStart.tmp
2025-06-20 14:30:38,464 [INFO] CodeEngine:263 - oldGeneratedFile, C:\Users\ashen\Documents\GitHub\MSc-Project\P01\BMTR_RTOS_ASRV1\MXTmpFiles\rtos_default_thread.tmp_save
2025-06-20 14:30:38,548 [INFO] CodeEngine:287 - Generated code: C:\Users\ashen\Documents\GitHub\MSc-Project\P01\BMTR_RTOS_ASRV1\MXTmpFiles\rtos_default_thread.tmp
2025-06-20 14:30:38,555 [INFO] CodeEngine:263 - oldGeneratedFile, C:\Users\ashen\Documents\GitHub\MSc-Project\P01\BMTR_RTOS_ASRV1\MXTmpFiles\rtos_threads.tmp_save
2025-06-20 14:30:38,630 [INFO] CodeEngine:287 - Generated code: C:\Users\ashen\Documents\GitHub\MSc-Project\P01\BMTR_RTOS_ASRV1\MXTmpFiles\rtos_threads.tmp
2025-06-20 14:30:38,647 [INFO] Middleware:1452 - No code input for Bsp Dependency
2025-06-20 14:30:38,656 [INFO] CodeEngine:263 - oldGeneratedFile, C:\Users\ashen\Documents\GitHub\MSc-Project\P01\BMTR_RTOS_ASRV1\MXTmpFiles\fatfs_HalInit.tmp_save
2025-06-20 14:30:38,730 [INFO] CodeEngine:287 - Generated code: C:\Users\ashen\Documents\GitHub\MSc-Project\P01\BMTR_RTOS_ASRV1\MXTmpFiles\fatfs_HalInit.tmp
2025-06-20 14:30:38,744 [INFO] CodeEngine:263 - oldGeneratedFile, C:\Users\ashen\Documents\GitHub\MSc-Project\P01\BMTR_RTOS_ASRV1\MXTmpFiles\fatfs_vars.tmp_save
2025-06-20 14:30:38,806 [INFO] CodeEngine:287 - Generated code: C:\Users\ashen\Documents\GitHub\MSc-Project\P01\BMTR_RTOS_ASRV1\MXTmpFiles\fatfs_vars.tmp
2025-06-20 14:30:38,812 [INFO] CodeEngine:263 - oldGeneratedFile, C:\Users\ashen\Documents\GitHub\MSc-Project\P01\BMTR_RTOS_ASRV1\MXTmpFiles\fatfs_ext_vars.tmp_save
2025-06-20 14:30:38,878 [INFO] CodeEngine:287 - Generated code: C:\Users\ashen\Documents\GitHub\MSc-Project\P01\BMTR_RTOS_ASRV1\MXTmpFiles\fatfs_ext_vars.tmp
2025-06-20 14:30:38,883 [INFO] CodeEngine:263 - oldGeneratedFile, C:\Users\ashen\Documents\GitHub\MSc-Project\P01\BMTR_RTOS_ASRV1\MXTmpFiles\fatfs_inc.tmp_save
2025-06-20 14:30:39,045 [INFO] CodeEngine:287 - Generated code: C:\Users\ashen\Documents\GitHub\MSc-Project\P01\BMTR_RTOS_ASRV1\MXTmpFiles\fatfs_inc.tmp
2025-06-20 14:30:39,086 [INFO] Middleware:1452 - No code input for Bsp Dependency
2025-06-20 14:30:39,096 [INFO] CodeEngine:263 - oldGeneratedFile, C:\Users\ashen\Documents\GitHub\MSc-Project\P01\BMTR_RTOS_ASRV1\MXTmpFiles\rtos_inc.tmp_save
2025-06-20 14:30:39,151 [INFO] CodeEngine:287 - Generated code: C:\Users\ashen\Documents\GitHub\MSc-Project\P01\BMTR_RTOS_ASRV1\MXTmpFiles\rtos_inc.tmp
2025-06-20 14:30:39,156 [INFO] CodeEngine:263 - oldGeneratedFile, C:\Users\ashen\Documents\GitHub\MSc-Project\P01\BMTR_RTOS_ASRV1\MXTmpFiles\rtos_vars.tmp_save
2025-06-20 14:30:39,214 [INFO] CodeEngine:287 - Generated code: C:\Users\ashen\Documents\GitHub\MSc-Project\P01\BMTR_RTOS_ASRV1\MXTmpFiles\rtos_vars.tmp
2025-06-20 14:30:39,221 [INFO] CodeEngine:263 - oldGeneratedFile, C:\Users\ashen\Documents\GitHub\MSc-Project\P01\BMTR_RTOS_ASRV1\MXTmpFiles\rtos_pfp.tmp_save
2025-06-20 14:30:39,277 [INFO] CodeEngine:287 - Generated code: C:\Users\ashen\Documents\GitHub\MSc-Project\P01\BMTR_RTOS_ASRV1\MXTmpFiles\rtos_pfp.tmp
2025-06-20 14:30:39,282 [INFO] CodeEngine:263 - oldGeneratedFile, C:\Users\ashen\Documents\GitHub\MSc-Project\P01\BMTR_RTOS_ASRV1\MXTmpFiles\rtos_obj_creat.tmp_save
2025-06-20 14:30:39,339 [INFO] CodeEngine:287 - Generated code: C:\Users\ashen\Documents\GitHub\MSc-Project\P01\BMTR_RTOS_ASRV1\MXTmpFiles\rtos_obj_creat.tmp
2025-06-20 14:30:39,343 [INFO] CodeEngine:263 - oldGeneratedFile, C:\Users\ashen\Documents\GitHub\MSc-Project\P01\BMTR_RTOS_ASRV1\MXTmpFiles\rtos_kernelStart.tmp_save
2025-06-20 14:30:39,397 [INFO] CodeEngine:287 - Generated code: C:\Users\ashen\Documents\GitHub\MSc-Project\P01\BMTR_RTOS_ASRV1\MXTmpFiles\rtos_kernelStart.tmp
2025-06-20 14:30:39,404 [INFO] CodeEngine:263 - oldGeneratedFile, C:\Users\ashen\Documents\GitHub\MSc-Project\P01\BMTR_RTOS_ASRV1\MXTmpFiles\rtos_default_thread.tmp_save
2025-06-20 14:30:39,462 [INFO] CodeEngine:287 - Generated code: C:\Users\ashen\Documents\GitHub\MSc-Project\P01\BMTR_RTOS_ASRV1\MXTmpFiles\rtos_default_thread.tmp
2025-06-20 14:30:39,467 [INFO] CodeEngine:263 - oldGeneratedFile, C:\Users\ashen\Documents\GitHub\MSc-Project\P01\BMTR_RTOS_ASRV1\MXTmpFiles\rtos_threads.tmp_save
2025-06-20 14:30:39,522 [INFO] CodeEngine:287 - Generated code: C:\Users\ashen\Documents\GitHub\MSc-Project\P01\BMTR_RTOS_ASRV1\MXTmpFiles\rtos_threads.tmp
2025-06-20 14:30:39,545 [INFO] CodeEngine:263 - oldGeneratedFile, C:\Users\ashen\Documents\GitHub\MSc-Project\P01\BMTR_RTOS_ASRV1\Core\Inc\FreeRTOSConfig.h_save
2025-06-20 14:30:39,666 [INFO] CodeEngine:287 - Generated code: C:\Users\ashen\Documents\GitHub\MSc-Project\P01\BMTR_RTOS_ASRV1\Core\Inc\FreeRTOSConfig.h
2025-06-20 14:30:39,674 [INFO] CodeEngine:263 - oldGeneratedFile, C:\Users\ashen\Documents\GitHub\MSc-Project\P01\BMTR_RTOS_ASRV1\Core\Src\freertos.c_save
2025-06-20 14:30:39,742 [INFO] CodeEngine:287 - Generated code: C:\Users\ashen\Documents\GitHub\MSc-Project\P01\BMTR_RTOS_ASRV1\Core\Src\freertos.c
2025-06-20 14:30:39,752 [INFO] CodeEngine:263 - oldGeneratedFile, C:\Users\ashen\Documents\GitHub\MSc-Project\P01\BMTR_RTOS_ASRV1\MXTmpFiles\cortex.tmp_save
2025-06-20 14:30:39,821 [INFO] CodeEngine:287 - Generated code: C:\Users\ashen\Documents\GitHub\MSc-Project\P01\BMTR_RTOS_ASRV1\MXTmpFiles\cortex.tmp
2025-06-20 14:30:39,830 [INFO] Middleware:1452 - No code input for Bsp Dependency
2025-06-20 14:30:39,839 [INFO] CodeEngine:263 - oldGeneratedFile, C:\Users\ashen\Documents\GitHub\MSc-Project\P01\BMTR_RTOS_ASRV1\MXTmpFiles\fatfs_HalInit.tmp_save
2025-06-20 14:30:40,009 [INFO] CodeEngine:287 - Generated code: C:\Users\ashen\Documents\GitHub\MSc-Project\P01\BMTR_RTOS_ASRV1\MXTmpFiles\fatfs_HalInit.tmp
2025-06-20 14:30:40,014 [INFO] CodeEngine:263 - oldGeneratedFile, C:\Users\ashen\Documents\GitHub\MSc-Project\P01\BMTR_RTOS_ASRV1\MXTmpFiles\fatfs_vars.tmp_save
2025-06-20 14:30:40,076 [INFO] CodeEngine:287 - Generated code: C:\Users\ashen\Documents\GitHub\MSc-Project\P01\BMTR_RTOS_ASRV1\MXTmpFiles\fatfs_vars.tmp
2025-06-20 14:30:40,081 [INFO] CodeEngine:263 - oldGeneratedFile, C:\Users\ashen\Documents\GitHub\MSc-Project\P01\BMTR_RTOS_ASRV1\MXTmpFiles\fatfs_ext_vars.tmp_save
2025-06-20 14:30:40,141 [INFO] CodeEngine:287 - Generated code: C:\Users\ashen\Documents\GitHub\MSc-Project\P01\BMTR_RTOS_ASRV1\MXTmpFiles\fatfs_ext_vars.tmp
2025-06-20 14:30:40,146 [INFO] CodeEngine:263 - oldGeneratedFile, C:\Users\ashen\Documents\GitHub\MSc-Project\P01\BMTR_RTOS_ASRV1\MXTmpFiles\fatfs_inc.tmp_save
2025-06-20 14:30:40,236 [INFO] CodeEngine:287 - Generated code: C:\Users\ashen\Documents\GitHub\MSc-Project\P01\BMTR_RTOS_ASRV1\MXTmpFiles\fatfs_inc.tmp
2025-06-20 14:30:40,253 [INFO] CodeEngine:263 - oldGeneratedFile, C:\Users\ashen\Documents\GitHub\MSc-Project\P01\BMTR_RTOS_ASRV1\FATFS\Target\ffconf.h_save
2025-06-20 14:30:40,425 [INFO] CodeEngine:287 - Generated code: C:\Users\ashen\Documents\GitHub\MSc-Project\P01\BMTR_RTOS_ASRV1\FATFS\Target\ffconf.h
2025-06-20 14:30:40,450 [INFO] CodeEngine:263 - oldGeneratedFile, C:\Users\ashen\Documents\GitHub\MSc-Project\P01\BMTR_RTOS_ASRV1\FATFS\Target\user_diskio.c_save
2025-06-20 14:30:40,591 [INFO] CodeEngine:287 - Generated code: C:\Users\ashen\Documents\GitHub\MSc-Project\P01\BMTR_RTOS_ASRV1\FATFS\Target\user_diskio.c
2025-06-20 14:30:40,606 [INFO] CodeEngine:263 - oldGeneratedFile, C:\Users\ashen\Documents\GitHub\MSc-Project\P01\BMTR_RTOS_ASRV1\FATFS\Target\user_diskio.h_save
2025-06-20 14:30:40,662 [INFO] CodeEngine:287 - Generated code: C:\Users\ashen\Documents\GitHub\MSc-Project\P01\BMTR_RTOS_ASRV1\FATFS\Target\user_diskio.h
2025-06-20 14:30:40,669 [INFO] CodeEngine:263 - oldGeneratedFile, C:\Users\ashen\Documents\GitHub\MSc-Project\P01\BMTR_RTOS_ASRV1\FATFS\App\fatfs.c_save
2025-06-20 14:30:40,733 [INFO] CodeEngine:287 - Generated code: C:\Users\ashen\Documents\GitHub\MSc-Project\P01\BMTR_RTOS_ASRV1\FATFS\App\fatfs.c
2025-06-20 14:30:40,741 [INFO] CodeEngine:263 - oldGeneratedFile, C:\Users\ashen\Documents\GitHub\MSc-Project\P01\BMTR_RTOS_ASRV1\FATFS\App\fatfs.h_save
2025-06-20 14:30:40,815 [INFO] CodeEngine:287 - Generated code: C:\Users\ashen\Documents\GitHub\MSc-Project\P01\BMTR_RTOS_ASRV1\FATFS\App\fatfs.h
2025-06-20 14:30:40,842 [INFO] CodeEngine:263 - oldGeneratedFile, C:\Users\ashen\Documents\GitHub\MSc-Project\P01\BMTR_RTOS_ASRV1\Core\Src\stm32f7xx_it.c_save
2025-06-20 14:30:40,962 [INFO] CodeEngine:287 - Generated code: C:\Users\ashen\Documents\GitHub\MSc-Project\P01\BMTR_RTOS_ASRV1\Core\Src\stm32f7xx_it.c
2025-06-20 14:30:40,979 [INFO] CodeEngine:263 - oldGeneratedFile, C:\Users\ashen\Documents\GitHub\MSc-Project\P01\BMTR_RTOS_ASRV1\Core\Inc\stm32f7xx_it.h_save
2025-06-20 14:30:41,051 [INFO] CodeEngine:287 - Generated code: C:\Users\ashen\Documents\GitHub\MSc-Project\P01\BMTR_RTOS_ASRV1\Core\Inc\stm32f7xx_it.h
2025-06-20 14:30:41,078 [INFO] CodeEngine:263 - oldGeneratedFile, C:\Users\ashen\Documents\GitHub\MSc-Project\P01\BMTR_RTOS_ASRV1\Core\Src\stm32f7xx_hal_msp.c_save
2025-06-20 14:30:41,252 [INFO] CodeEngine:287 - Generated code: C:\Users\ashen\Documents\GitHub\MSc-Project\P01\BMTR_RTOS_ASRV1\Core\Src\stm32f7xx_hal_msp.c
2025-06-20 14:30:41,258 [INFO] CodeEngine:263 - oldGeneratedFile, C:\Users\ashen\Documents\GitHub\MSc-Project\P01\BMTR_RTOS_ASRV1\MXTmpFiles\system.tmp_save
2025-06-20 14:30:41,322 [INFO] CodeEngine:287 - Generated code: C:\Users\ashen\Documents\GitHub\MSc-Project\P01\BMTR_RTOS_ASRV1\MXTmpFiles\system.tmp
2025-06-20 14:30:41,328 [INFO] CodeEngine:263 - oldGeneratedFile, C:\Users\ashen\Documents\GitHub\MSc-Project\P01\BMTR_RTOS_ASRV1\Core\Src\stm32f7xx_hal_timebase_tim.c_save
2025-06-20 14:30:41,414 [INFO] CodeEngine:287 - Generated code: C:\Users\ashen\Documents\GitHub\MSc-Project\P01\BMTR_RTOS_ASRV1\Core\Src\stm32f7xx_hal_timebase_tim.c
2025-06-20 14:30:41,429 [INFO] CodeEngine:319 - oldGeneratedFile, C:\Users\ashen\Documents\GitHub\MSc-Project\P01\BMTR_RTOS_ASRV1\Core\Inc\stm32f7xx_hal_conf.h_save
2025-06-20 14:30:41,520 [INFO] CodeEngine:343 - Generated code: C:\Users\ashen\Documents\GitHub\MSc-Project\P01\BMTR_RTOS_ASRV1\Core\Inc\stm32f7xx_hal_conf.h
2025-06-20 14:30:41,593 [INFO] ApiDbMcu:508 - Load IP Config File for DAC
2025-06-20 14:30:41,596 [INFO] ApiDbMcu:508 - Load IP Config File for SPI4
2025-06-20 14:30:41,620 [INFO] ApiDbMcu:508 - Load IP Config File for TIM1
2025-06-20 14:30:41,637 [INFO] ApiDbMcu:508 - Load IP Config File for TIM4
2025-06-20 14:30:41,652 [INFO] ApiDbMcu:508 - Load IP Config File for TIM13
2025-06-20 14:30:41,657 [INFO] ApiDbMcu:508 - Load IP Config File for RCC
2025-06-20 14:30:41,661 [WARN] IPConfigManager:3747 - IP not found : TIM
2025-06-20 14:30:41,671 [WARN] CodeGenerator:4198 - IP not found : null
2025-06-20 14:30:41,680 [INFO] CodeEngine:263 - oldGeneratedFile, C:\Users\ashen\Documents\GitHub\MSc-Project\P01\BMTR_RTOS_ASRV1\Core\Inc\main.h_save
2025-06-20 14:30:41,791 [INFO] CodeEngine:287 - Generated code: C:\Users\ashen\Documents\GitHub\MSc-Project\P01\BMTR_RTOS_ASRV1\Core\Inc\main.h
2025-06-20 14:30:41,798 [INFO] CodeEngine:263 - oldGeneratedFile, C:\Users\ashen\Documents\GitHub\MSc-Project\P01\BMTR_RTOS_ASRV1\Core\Src\main.c_save
2025-06-20 14:30:42,080 [INFO] CodeEngine:287 - Generated code: C:\Users\ashen\Documents\GitHub\MSc-Project\P01\BMTR_RTOS_ASRV1\Core\Src\main.c
2025-06-20 14:30:43,504 [INFO] ProjectBuilder:3324 - Time for Copy HAL[1] : 1041mS.
2025-06-20 14:30:43,654 [INFO] ProjectBuilder:4912 - Project Generator version: 4.6.0-B36
2025-06-20 14:30:43,850 [INFO] ConfigFileManager:1590 - The Die is : DIE449
2025-06-20 14:30:43,861 [INFO] ApiDbMcu:508 - Load IP Config File for LIBJPEG
2025-06-20 14:30:43,870 [INFO] ApiDbMcu:508 - Load IP Config File for LWIP
2025-06-20 14:30:43,878 [INFO] ApiDbMcu:508 - Load IP Config File for MBEDTLS
2025-06-20 14:30:43,888 [INFO] ApiDbMcu:508 - Load IP Config File for USB_DEVICE
2025-06-20 14:30:43,892 [INFO] ApiDbMcu:508 - Load IP Config File for USB_HOST
2025-06-20 14:30:44,771 [INFO] LogOutputStream:77 - [STDOUT_REDIRECT] 
2025-06-20 14:30:46,545 [INFO] ProjectBuilder:5191 - Time for Generating toolchain IDE Files: 2891mS.
2025-06-20 14:30:46,545 [INFO] ProjectBuilder:3181 - Time for Copy CMSIS : 0mS.
2025-06-20 14:30:46,555 [INFO] ProjectBuilder:3181 - Time for Copy CMSIS : 0mS.
2025-06-20 14:31:26,597 [INFO] UtilMem:75 - End SaveConfig() Used Memory: 797748960 Bytes (1073741824)
2025-06-20 14:31:28,718 [INFO] UtilMem:75 - End SaveConfig() Used Memory: 839167712 Bytes (1073741824)
2025-06-20 14:31:30,555 [INFO] UtilMem:75 - End SaveConfig() Used Memory: 956606176 Bytes (1073741824)
2025-06-20 14:31:32,896 [INFO] BlockDiagram:2775 - set Specific Code input for plugin: SPI
2025-06-20 14:31:32,896 [INFO] BlockDiagram:2775 - set Specific Code input for plugin: FREERTOS
2025-06-20 14:31:32,896 [INFO] BlockDiagram:2775 - set Specific Code input for plugin: TIM1_8F7
2025-06-20 14:31:32,896 [INFO] BlockDiagram:2775 - set Specific Code input for plugin: TIM1_8F7
2025-06-20 14:31:32,896 [INFO] BlockDiagram:2775 - set Specific Code input for plugin: SYS
2025-06-20 14:31:32,896 [INFO] BlockDiagram:2775 - set Specific Code input for plugin: RCC
2025-06-20 14:31:32,896 [INFO] BlockDiagram:2775 - set Specific Code input for plugin: NVIC
2025-06-20 14:31:32,896 [INFO] BlockDiagram:2775 - set Specific Code input for plugin: TIM1_8F7
2025-06-20 14:31:32,897 [INFO] BlockDiagram:2775 - set Specific Code input for plugin: CORTEX_M7
2025-06-20 14:31:32,897 [INFO] BlockDiagram:2775 - set Specific Code input for plugin: DAC
2025-06-20 14:31:32,897 [INFO] BlockDiagram:2775 - set Specific Code input for plugin: GPIO
2025-06-20 14:31:32,897 [INFO] BlockDiagram:2775 - set Specific Code input for plugin: FATFS
2025-06-20 14:31:32,898 [INFO] CodeGenerator:882 - code generatio: config db path: C:\ST\STM32CubeIDE_1.17.0\STM32CubeIDE\plugins\com.st.stm32cube.common.mx_6.14.0.202502271554\\db\
2025-06-20 14:31:33,033 [INFO] CodeEngine:263 - oldGeneratedFile, C:\Users\ashen\Documents\GitHub\MSc-Project\P01\BMTR_RTOS_ASRV1\MXTmpFiles\license.tmp_save
2025-06-20 14:31:33,098 [INFO] CodeEngine:287 - Generated code: C:\Users\ashen\Documents\GitHub\MSc-Project\P01\BMTR_RTOS_ASRV1\MXTmpFiles\license.tmp
2025-06-20 14:31:33,132 [INFO] CodeEngine:263 - oldGeneratedFile, C:\Users\ashen\Documents\GitHub\MSc-Project\P01\BMTR_RTOS_ASRV1\MXTmpFiles\gpio.tmp_save
2025-06-20 14:31:33,207 [INFO] CodeEngine:287 - Generated code: C:\Users\ashen\Documents\GitHub\MSc-Project\P01\BMTR_RTOS_ASRV1\MXTmpFiles\gpio.tmp
2025-06-20 14:31:33,609 [INFO] Middleware:1452 - No code input for Bsp Dependency
2025-06-20 14:31:33,620 [INFO] CodeEngine:263 - oldGeneratedFile, C:\Users\ashen\Documents\GitHub\MSc-Project\P01\BMTR_RTOS_ASRV1\MXTmpFiles\rtos_inc.tmp_save
2025-06-20 14:31:33,692 [INFO] CodeEngine:287 - Generated code: C:\Users\ashen\Documents\GitHub\MSc-Project\P01\BMTR_RTOS_ASRV1\MXTmpFiles\rtos_inc.tmp
2025-06-20 14:31:33,697 [INFO] CodeEngine:263 - oldGeneratedFile, C:\Users\ashen\Documents\GitHub\MSc-Project\P01\BMTR_RTOS_ASRV1\MXTmpFiles\rtos_vars.tmp_save
2025-06-20 14:31:33,764 [INFO] CodeEngine:287 - Generated code: C:\Users\ashen\Documents\GitHub\MSc-Project\P01\BMTR_RTOS_ASRV1\MXTmpFiles\rtos_vars.tmp
2025-06-20 14:31:33,769 [INFO] CodeEngine:263 - oldGeneratedFile, C:\Users\ashen\Documents\GitHub\MSc-Project\P01\BMTR_RTOS_ASRV1\MXTmpFiles\rtos_pfp.tmp_save
2025-06-20 14:31:33,830 [INFO] CodeEngine:287 - Generated code: C:\Users\ashen\Documents\GitHub\MSc-Project\P01\BMTR_RTOS_ASRV1\MXTmpFiles\rtos_pfp.tmp
2025-06-20 14:31:33,835 [INFO] CodeEngine:263 - oldGeneratedFile, C:\Users\ashen\Documents\GitHub\MSc-Project\P01\BMTR_RTOS_ASRV1\MXTmpFiles\rtos_obj_creat.tmp_save
2025-06-20 14:31:33,896 [INFO] CodeEngine:287 - Generated code: C:\Users\ashen\Documents\GitHub\MSc-Project\P01\BMTR_RTOS_ASRV1\MXTmpFiles\rtos_obj_creat.tmp
2025-06-20 14:31:33,900 [INFO] CodeEngine:263 - oldGeneratedFile, C:\Users\ashen\Documents\GitHub\MSc-Project\P01\BMTR_RTOS_ASRV1\MXTmpFiles\rtos_kernelStart.tmp_save
2025-06-20 14:31:33,955 [INFO] CodeEngine:287 - Generated code: C:\Users\ashen\Documents\GitHub\MSc-Project\P01\BMTR_RTOS_ASRV1\MXTmpFiles\rtos_kernelStart.tmp
2025-06-20 14:31:33,958 [INFO] CodeEngine:263 - oldGeneratedFile, C:\Users\ashen\Documents\GitHub\MSc-Project\P01\BMTR_RTOS_ASRV1\MXTmpFiles\rtos_default_thread.tmp_save
2025-06-20 14:31:34,012 [INFO] CodeEngine:287 - Generated code: C:\Users\ashen\Documents\GitHub\MSc-Project\P01\BMTR_RTOS_ASRV1\MXTmpFiles\rtos_default_thread.tmp
2025-06-20 14:31:34,114 [INFO] CodeEngine:263 - oldGeneratedFile, C:\Users\ashen\Documents\GitHub\MSc-Project\P01\BMTR_RTOS_ASRV1\MXTmpFiles\rtos_threads.tmp_save
2025-06-20 14:31:34,217 [INFO] CodeEngine:287 - Generated code: C:\Users\ashen\Documents\GitHub\MSc-Project\P01\BMTR_RTOS_ASRV1\MXTmpFiles\rtos_threads.tmp
2025-06-20 14:31:34,227 [INFO] Middleware:1452 - No code input for Bsp Dependency
2025-06-20 14:31:34,233 [INFO] CodeEngine:263 - oldGeneratedFile, C:\Users\ashen\Documents\GitHub\MSc-Project\P01\BMTR_RTOS_ASRV1\MXTmpFiles\fatfs_HalInit.tmp_save
2025-06-20 14:31:34,295 [INFO] CodeEngine:287 - Generated code: C:\Users\ashen\Documents\GitHub\MSc-Project\P01\BMTR_RTOS_ASRV1\MXTmpFiles\fatfs_HalInit.tmp
2025-06-20 14:31:34,300 [INFO] CodeEngine:263 - oldGeneratedFile, C:\Users\ashen\Documents\GitHub\MSc-Project\P01\BMTR_RTOS_ASRV1\MXTmpFiles\fatfs_vars.tmp_save
2025-06-20 14:31:34,374 [INFO] CodeEngine:287 - Generated code: C:\Users\ashen\Documents\GitHub\MSc-Project\P01\BMTR_RTOS_ASRV1\MXTmpFiles\fatfs_vars.tmp
2025-06-20 14:31:34,377 [INFO] CodeEngine:263 - oldGeneratedFile, C:\Users\ashen\Documents\GitHub\MSc-Project\P01\BMTR_RTOS_ASRV1\MXTmpFiles\fatfs_ext_vars.tmp_save
2025-06-20 14:31:34,444 [INFO] CodeEngine:287 - Generated code: C:\Users\ashen\Documents\GitHub\MSc-Project\P01\BMTR_RTOS_ASRV1\MXTmpFiles\fatfs_ext_vars.tmp
2025-06-20 14:31:34,448 [INFO] CodeEngine:263 - oldGeneratedFile, C:\Users\ashen\Documents\GitHub\MSc-Project\P01\BMTR_RTOS_ASRV1\MXTmpFiles\fatfs_inc.tmp_save
2025-06-20 14:31:34,511 [INFO] CodeEngine:287 - Generated code: C:\Users\ashen\Documents\GitHub\MSc-Project\P01\BMTR_RTOS_ASRV1\MXTmpFiles\fatfs_inc.tmp
2025-06-20 14:31:34,529 [INFO] Middleware:1452 - No code input for Bsp Dependency
2025-06-20 14:31:34,538 [INFO] CodeEngine:263 - oldGeneratedFile, C:\Users\ashen\Documents\GitHub\MSc-Project\P01\BMTR_RTOS_ASRV1\MXTmpFiles\rtos_inc.tmp_save
2025-06-20 14:31:34,599 [INFO] CodeEngine:287 - Generated code: C:\Users\ashen\Documents\GitHub\MSc-Project\P01\BMTR_RTOS_ASRV1\MXTmpFiles\rtos_inc.tmp
2025-06-20 14:31:34,604 [INFO] CodeEngine:263 - oldGeneratedFile, C:\Users\ashen\Documents\GitHub\MSc-Project\P01\BMTR_RTOS_ASRV1\MXTmpFiles\rtos_vars.tmp_save
2025-06-20 14:31:34,662 [INFO] CodeEngine:287 - Generated code: C:\Users\ashen\Documents\GitHub\MSc-Project\P01\BMTR_RTOS_ASRV1\MXTmpFiles\rtos_vars.tmp
2025-06-20 14:31:34,667 [INFO] CodeEngine:263 - oldGeneratedFile, C:\Users\ashen\Documents\GitHub\MSc-Project\P01\BMTR_RTOS_ASRV1\MXTmpFiles\rtos_pfp.tmp_save
2025-06-20 14:31:34,731 [INFO] CodeEngine:287 - Generated code: C:\Users\ashen\Documents\GitHub\MSc-Project\P01\BMTR_RTOS_ASRV1\MXTmpFiles\rtos_pfp.tmp
2025-06-20 14:31:34,738 [INFO] CodeEngine:263 - oldGeneratedFile, C:\Users\ashen\Documents\GitHub\MSc-Project\P01\BMTR_RTOS_ASRV1\MXTmpFiles\rtos_obj_creat.tmp_save
2025-06-20 14:31:34,807 [INFO] CodeEngine:287 - Generated code: C:\Users\ashen\Documents\GitHub\MSc-Project\P01\BMTR_RTOS_ASRV1\MXTmpFiles\rtos_obj_creat.tmp
2025-06-20 14:31:34,812 [INFO] CodeEngine:263 - oldGeneratedFile, C:\Users\ashen\Documents\GitHub\MSc-Project\P01\BMTR_RTOS_ASRV1\MXTmpFiles\rtos_kernelStart.tmp_save
2025-06-20 14:31:34,880 [INFO] CodeEngine:287 - Generated code: C:\Users\ashen\Documents\GitHub\MSc-Project\P01\BMTR_RTOS_ASRV1\MXTmpFiles\rtos_kernelStart.tmp
2025-06-20 14:31:34,887 [INFO] CodeEngine:263 - oldGeneratedFile, C:\Users\ashen\Documents\GitHub\MSc-Project\P01\BMTR_RTOS_ASRV1\MXTmpFiles\rtos_default_thread.tmp_save
2025-06-20 14:31:34,950 [INFO] CodeEngine:287 - Generated code: C:\Users\ashen\Documents\GitHub\MSc-Project\P01\BMTR_RTOS_ASRV1\MXTmpFiles\rtos_default_thread.tmp
2025-06-20 14:31:34,955 [INFO] CodeEngine:263 - oldGeneratedFile, C:\Users\ashen\Documents\GitHub\MSc-Project\P01\BMTR_RTOS_ASRV1\MXTmpFiles\rtos_threads.tmp_save
2025-06-20 14:31:35,009 [INFO] CodeEngine:287 - Generated code: C:\Users\ashen\Documents\GitHub\MSc-Project\P01\BMTR_RTOS_ASRV1\MXTmpFiles\rtos_threads.tmp
2025-06-20 14:31:35,015 [INFO] CodeEngine:263 - oldGeneratedFile, C:\Users\ashen\Documents\GitHub\MSc-Project\P01\BMTR_RTOS_ASRV1\Core\Inc\FreeRTOSConfig.h_save
2025-06-20 14:31:35,089 [INFO] CodeEngine:287 - Generated code: C:\Users\ashen\Documents\GitHub\MSc-Project\P01\BMTR_RTOS_ASRV1\Core\Inc\FreeRTOSConfig.h
2025-06-20 14:31:35,094 [INFO] CodeEngine:263 - oldGeneratedFile, C:\Users\ashen\Documents\GitHub\MSc-Project\P01\BMTR_RTOS_ASRV1\Core\Src\freertos.c_save
2025-06-20 14:31:35,158 [INFO] CodeEngine:287 - Generated code: C:\Users\ashen\Documents\GitHub\MSc-Project\P01\BMTR_RTOS_ASRV1\Core\Src\freertos.c
2025-06-20 14:31:35,166 [INFO] CodeEngine:263 - oldGeneratedFile, C:\Users\ashen\Documents\GitHub\MSc-Project\P01\BMTR_RTOS_ASRV1\MXTmpFiles\cortex.tmp_save
2025-06-20 14:31:35,221 [INFO] CodeEngine:287 - Generated code: C:\Users\ashen\Documents\GitHub\MSc-Project\P01\BMTR_RTOS_ASRV1\MXTmpFiles\cortex.tmp
2025-06-20 14:31:35,229 [INFO] Middleware:1452 - No code input for Bsp Dependency
2025-06-20 14:31:35,238 [INFO] CodeEngine:263 - oldGeneratedFile, C:\Users\ashen\Documents\GitHub\MSc-Project\P01\BMTR_RTOS_ASRV1\MXTmpFiles\fatfs_HalInit.tmp_save
2025-06-20 14:31:35,292 [INFO] CodeEngine:287 - Generated code: C:\Users\ashen\Documents\GitHub\MSc-Project\P01\BMTR_RTOS_ASRV1\MXTmpFiles\fatfs_HalInit.tmp
2025-06-20 14:31:35,296 [INFO] CodeEngine:263 - oldGeneratedFile, C:\Users\ashen\Documents\GitHub\MSc-Project\P01\BMTR_RTOS_ASRV1\MXTmpFiles\fatfs_vars.tmp_save
2025-06-20 14:31:35,351 [INFO] CodeEngine:287 - Generated code: C:\Users\ashen\Documents\GitHub\MSc-Project\P01\BMTR_RTOS_ASRV1\MXTmpFiles\fatfs_vars.tmp
2025-06-20 14:31:35,356 [INFO] CodeEngine:263 - oldGeneratedFile, C:\Users\ashen\Documents\GitHub\MSc-Project\P01\BMTR_RTOS_ASRV1\MXTmpFiles\fatfs_ext_vars.tmp_save
2025-06-20 14:31:35,462 [INFO] CodeEngine:287 - Generated code: C:\Users\ashen\Documents\GitHub\MSc-Project\P01\BMTR_RTOS_ASRV1\MXTmpFiles\fatfs_ext_vars.tmp
2025-06-20 14:31:35,473 [INFO] CodeEngine:263 - oldGeneratedFile, C:\Users\ashen\Documents\GitHub\MSc-Project\P01\BMTR_RTOS_ASRV1\MXTmpFiles\fatfs_inc.tmp_save
2025-06-20 14:31:35,544 [INFO] CodeEngine:287 - Generated code: C:\Users\ashen\Documents\GitHub\MSc-Project\P01\BMTR_RTOS_ASRV1\MXTmpFiles\fatfs_inc.tmp
2025-06-20 14:31:35,549 [INFO] CodeEngine:263 - oldGeneratedFile, C:\Users\ashen\Documents\GitHub\MSc-Project\P01\BMTR_RTOS_ASRV1\FATFS\Target\ffconf.h_save
2025-06-20 14:31:35,626 [INFO] CodeEngine:287 - Generated code: C:\Users\ashen\Documents\GitHub\MSc-Project\P01\BMTR_RTOS_ASRV1\FATFS\Target\ffconf.h
2025-06-20 14:31:35,634 [INFO] CodeEngine:263 - oldGeneratedFile, C:\Users\ashen\Documents\GitHub\MSc-Project\P01\BMTR_RTOS_ASRV1\FATFS\Target\user_diskio.c_save
2025-06-20 14:31:35,708 [INFO] CodeEngine:287 - Generated code: C:\Users\ashen\Documents\GitHub\MSc-Project\P01\BMTR_RTOS_ASRV1\FATFS\Target\user_diskio.c
2025-06-20 14:31:35,712 [INFO] CodeEngine:263 - oldGeneratedFile, C:\Users\ashen\Documents\GitHub\MSc-Project\P01\BMTR_RTOS_ASRV1\FATFS\Target\user_diskio.h_save
2025-06-20 14:31:35,773 [INFO] CodeEngine:287 - Generated code: C:\Users\ashen\Documents\GitHub\MSc-Project\P01\BMTR_RTOS_ASRV1\FATFS\Target\user_diskio.h
2025-06-20 14:31:35,777 [INFO] CodeEngine:263 - oldGeneratedFile, C:\Users\ashen\Documents\GitHub\MSc-Project\P01\BMTR_RTOS_ASRV1\FATFS\App\fatfs.c_save
2025-06-20 14:31:35,832 [INFO] CodeEngine:287 - Generated code: C:\Users\ashen\Documents\GitHub\MSc-Project\P01\BMTR_RTOS_ASRV1\FATFS\App\fatfs.c
2025-06-20 14:31:35,838 [INFO] CodeEngine:263 - oldGeneratedFile, C:\Users\ashen\Documents\GitHub\MSc-Project\P01\BMTR_RTOS_ASRV1\FATFS\App\fatfs.h_save
2025-06-20 14:31:35,898 [INFO] CodeEngine:287 - Generated code: C:\Users\ashen\Documents\GitHub\MSc-Project\P01\BMTR_RTOS_ASRV1\FATFS\App\fatfs.h
2025-06-20 14:31:35,917 [INFO] CodeEngine:263 - oldGeneratedFile, C:\Users\ashen\Documents\GitHub\MSc-Project\P01\BMTR_RTOS_ASRV1\Core\Src\stm32f7xx_it.c_save
2025-06-20 14:31:36,019 [INFO] CodeEngine:287 - Generated code: C:\Users\ashen\Documents\GitHub\MSc-Project\P01\BMTR_RTOS_ASRV1\Core\Src\stm32f7xx_it.c
2025-06-20 14:31:36,026 [INFO] CodeEngine:263 - oldGeneratedFile, C:\Users\ashen\Documents\GitHub\MSc-Project\P01\BMTR_RTOS_ASRV1\Core\Inc\stm32f7xx_it.h_save
2025-06-20 14:31:36,104 [INFO] CodeEngine:287 - Generated code: C:\Users\ashen\Documents\GitHub\MSc-Project\P01\BMTR_RTOS_ASRV1\Core\Inc\stm32f7xx_it.h
2025-06-20 14:31:36,126 [INFO] CodeEngine:263 - oldGeneratedFile, C:\Users\ashen\Documents\GitHub\MSc-Project\P01\BMTR_RTOS_ASRV1\Core\Src\stm32f7xx_hal_msp.c_save
2025-06-20 14:31:36,243 [INFO] CodeEngine:287 - Generated code: C:\Users\ashen\Documents\GitHub\MSc-Project\P01\BMTR_RTOS_ASRV1\Core\Src\stm32f7xx_hal_msp.c
2025-06-20 14:31:36,248 [INFO] CodeEngine:263 - oldGeneratedFile, C:\Users\ashen\Documents\GitHub\MSc-Project\P01\BMTR_RTOS_ASRV1\MXTmpFiles\system.tmp_save
2025-06-20 14:31:36,326 [INFO] CodeEngine:287 - Generated code: C:\Users\ashen\Documents\GitHub\MSc-Project\P01\BMTR_RTOS_ASRV1\MXTmpFiles\system.tmp
2025-06-20 14:31:36,331 [INFO] CodeEngine:263 - oldGeneratedFile, C:\Users\ashen\Documents\GitHub\MSc-Project\P01\BMTR_RTOS_ASRV1\Core\Src\stm32f7xx_hal_timebase_tim.c_save
2025-06-20 14:31:36,448 [INFO] CodeEngine:287 - Generated code: C:\Users\ashen\Documents\GitHub\MSc-Project\P01\BMTR_RTOS_ASRV1\Core\Src\stm32f7xx_hal_timebase_tim.c
2025-06-20 14:31:36,468 [INFO] CodeEngine:319 - oldGeneratedFile, C:\Users\ashen\Documents\GitHub\MSc-Project\P01\BMTR_RTOS_ASRV1\Core\Inc\stm32f7xx_hal_conf.h_save
2025-06-20 14:31:36,546 [INFO] CodeEngine:343 - Generated code: C:\Users\ashen\Documents\GitHub\MSc-Project\P01\BMTR_RTOS_ASRV1\Core\Inc\stm32f7xx_hal_conf.h
2025-06-20 14:31:36,580 [WARN] IPConfigManager:3747 - IP not found : TIM
2025-06-20 14:31:36,581 [WARN] CodeGenerator:4198 - IP not found : null
2025-06-20 14:31:36,594 [INFO] CodeEngine:263 - oldGeneratedFile, C:\Users\ashen\Documents\GitHub\MSc-Project\P01\BMTR_RTOS_ASRV1\Core\Inc\main.h_save
2025-06-20 14:31:36,666 [INFO] CodeEngine:287 - Generated code: C:\Users\ashen\Documents\GitHub\MSc-Project\P01\BMTR_RTOS_ASRV1\Core\Inc\main.h
2025-06-20 14:31:36,672 [INFO] CodeEngine:263 - oldGeneratedFile, C:\Users\ashen\Documents\GitHub\MSc-Project\P01\BMTR_RTOS_ASRV1\Core\Src\main.c_save
2025-06-20 14:31:36,849 [INFO] CodeEngine:287 - Generated code: C:\Users\ashen\Documents\GitHub\MSc-Project\P01\BMTR_RTOS_ASRV1\Core\Src\main.c
2025-06-20 14:31:37,483 [INFO] ProjectBuilder:3324 - Time for Copy HAL[1] : 418mS.
2025-06-20 14:31:37,513 [INFO] ProjectBuilder:4912 - Project Generator version: 4.6.0-B36
2025-06-20 14:31:37,638 [INFO] ConfigFileManager:1590 - The Die is : DIE449
2025-06-20 14:31:39,279 [INFO] ProjectBuilder:5191 - Time for Generating toolchain IDE Files: 1765mS.
2025-06-20 14:31:39,280 [INFO] ProjectBuilder:3181 - Time for Copy CMSIS : 1mS.
2025-06-20 14:31:39,292 [INFO] ProjectBuilder:3181 - Time for Copy CMSIS : 0mS.
2025-06-20 14:32:56,416 [INFO] UtilMem:75 - End SaveConfig() Used Memory: 714128568 Bytes (1073741824)
2025-06-20 14:32:57,919 [INFO] UtilMem:75 - End SaveConfig() Used Memory: 745063608 Bytes (1073741824)
2025-06-20 14:33:00,394 [INFO] UtilMem:75 - End SaveConfig() Used Memory: 849921208 Bytes (1073741824)
2025-06-20 14:33:02,856 [INFO] BlockDiagram:2775 - set Specific Code input for plugin: SPI
2025-06-20 14:33:02,857 [INFO] BlockDiagram:2775 - set Specific Code input for plugin: FREERTOS
2025-06-20 14:33:02,857 [INFO] BlockDiagram:2775 - set Specific Code input for plugin: TIM1_8F7
2025-06-20 14:33:02,858 [INFO] BlockDiagram:2775 - set Specific Code input for plugin: TIM1_8F7
2025-06-20 14:33:02,858 [INFO] BlockDiagram:2775 - set Specific Code input for plugin: SYS
2025-06-20 14:33:02,858 [INFO] BlockDiagram:2775 - set Specific Code input for plugin: RCC
2025-06-20 14:33:02,858 [INFO] BlockDiagram:2775 - set Specific Code input for plugin: NVIC
2025-06-20 14:33:02,858 [INFO] BlockDiagram:2775 - set Specific Code input for plugin: TIM1_8F7
2025-06-20 14:33:02,859 [INFO] BlockDiagram:2775 - set Specific Code input for plugin: CORTEX_M7
2025-06-20 14:33:02,859 [INFO] BlockDiagram:2775 - set Specific Code input for plugin: DAC
2025-06-20 14:33:02,861 [INFO] BlockDiagram:2775 - set Specific Code input for plugin: GPIO
2025-06-20 14:33:02,861 [INFO] BlockDiagram:2775 - set Specific Code input for plugin: FATFS
2025-06-20 14:33:02,862 [INFO] CodeGenerator:882 - code generatio: config db path: C:\ST\STM32CubeIDE_1.17.0\STM32CubeIDE\plugins\com.st.stm32cube.common.mx_6.14.0.202502271554\\db\
2025-06-20 14:33:03,037 [INFO] CodeEngine:263 - oldGeneratedFile, C:\Users\ashen\Documents\GitHub\MSc-Project\P01\BMTR_RTOS_ASRV1\MXTmpFiles\license.tmp_save
2025-06-20 14:33:03,237 [INFO] CodeEngine:287 - Generated code: C:\Users\ashen\Documents\GitHub\MSc-Project\P01\BMTR_RTOS_ASRV1\MXTmpFiles\license.tmp
2025-06-20 14:33:03,300 [INFO] CodeEngine:263 - oldGeneratedFile, C:\Users\ashen\Documents\GitHub\MSc-Project\P01\BMTR_RTOS_ASRV1\MXTmpFiles\gpio.tmp_save
2025-06-20 14:33:03,414 [INFO] CodeEngine:287 - Generated code: C:\Users\ashen\Documents\GitHub\MSc-Project\P01\BMTR_RTOS_ASRV1\MXTmpFiles\gpio.tmp
2025-06-20 14:33:03,897 [INFO] Middleware:1452 - No code input for Bsp Dependency
2025-06-20 14:33:03,905 [INFO] CodeEngine:263 - oldGeneratedFile, C:\Users\ashen\Documents\GitHub\MSc-Project\P01\BMTR_RTOS_ASRV1\MXTmpFiles\rtos_inc.tmp_save
2025-06-20 14:33:03,997 [INFO] CodeEngine:287 - Generated code: C:\Users\ashen\Documents\GitHub\MSc-Project\P01\BMTR_RTOS_ASRV1\MXTmpFiles\rtos_inc.tmp
2025-06-20 14:33:04,001 [INFO] CodeEngine:263 - oldGeneratedFile, C:\Users\ashen\Documents\GitHub\MSc-Project\P01\BMTR_RTOS_ASRV1\MXTmpFiles\rtos_vars.tmp_save
2025-06-20 14:33:04,102 [INFO] CodeEngine:287 - Generated code: C:\Users\ashen\Documents\GitHub\MSc-Project\P01\BMTR_RTOS_ASRV1\MXTmpFiles\rtos_vars.tmp
2025-06-20 14:33:04,108 [INFO] CodeEngine:263 - oldGeneratedFile, C:\Users\ashen\Documents\GitHub\MSc-Project\P01\BMTR_RTOS_ASRV1\MXTmpFiles\rtos_pfp.tmp_save
2025-06-20 14:33:04,209 [INFO] CodeEngine:287 - Generated code: C:\Users\ashen\Documents\GitHub\MSc-Project\P01\BMTR_RTOS_ASRV1\MXTmpFiles\rtos_pfp.tmp
2025-06-20 14:33:04,215 [INFO] CodeEngine:263 - oldGeneratedFile, C:\Users\ashen\Documents\GitHub\MSc-Project\P01\BMTR_RTOS_ASRV1\MXTmpFiles\rtos_obj_creat.tmp_save
2025-06-20 14:33:04,298 [INFO] CodeEngine:287 - Generated code: C:\Users\ashen\Documents\GitHub\MSc-Project\P01\BMTR_RTOS_ASRV1\MXTmpFiles\rtos_obj_creat.tmp
2025-06-20 14:33:04,301 [INFO] CodeEngine:263 - oldGeneratedFile, C:\Users\ashen\Documents\GitHub\MSc-Project\P01\BMTR_RTOS_ASRV1\MXTmpFiles\rtos_kernelStart.tmp_save
2025-06-20 14:33:04,385 [INFO] CodeEngine:287 - Generated code: C:\Users\ashen\Documents\GitHub\MSc-Project\P01\BMTR_RTOS_ASRV1\MXTmpFiles\rtos_kernelStart.tmp
2025-06-20 14:33:04,391 [INFO] CodeEngine:263 - oldGeneratedFile, C:\Users\ashen\Documents\GitHub\MSc-Project\P01\BMTR_RTOS_ASRV1\MXTmpFiles\rtos_default_thread.tmp_save
2025-06-20 14:33:04,474 [INFO] CodeEngine:287 - Generated code: C:\Users\ashen\Documents\GitHub\MSc-Project\P01\BMTR_RTOS_ASRV1\MXTmpFiles\rtos_default_thread.tmp
2025-06-20 14:33:04,479 [INFO] CodeEngine:263 - oldGeneratedFile, C:\Users\ashen\Documents\GitHub\MSc-Project\P01\BMTR_RTOS_ASRV1\MXTmpFiles\rtos_threads.tmp_save
2025-06-20 14:33:04,564 [INFO] CodeEngine:287 - Generated code: C:\Users\ashen\Documents\GitHub\MSc-Project\P01\BMTR_RTOS_ASRV1\MXTmpFiles\rtos_threads.tmp
2025-06-20 14:33:04,576 [INFO] Middleware:1452 - No code input for Bsp Dependency
2025-06-20 14:33:04,597 [INFO] CodeEngine:263 - oldGeneratedFile, C:\Users\ashen\Documents\GitHub\MSc-Project\P01\BMTR_RTOS_ASRV1\MXTmpFiles\fatfs_HalInit.tmp_save
2025-06-20 14:33:04,680 [INFO] CodeEngine:287 - Generated code: C:\Users\ashen\Documents\GitHub\MSc-Project\P01\BMTR_RTOS_ASRV1\MXTmpFiles\fatfs_HalInit.tmp
2025-06-20 14:33:04,684 [INFO] CodeEngine:263 - oldGeneratedFile, C:\Users\ashen\Documents\GitHub\MSc-Project\P01\BMTR_RTOS_ASRV1\MXTmpFiles\fatfs_vars.tmp_save
2025-06-20 14:33:04,770 [INFO] CodeEngine:287 - Generated code: C:\Users\ashen\Documents\GitHub\MSc-Project\P01\BMTR_RTOS_ASRV1\MXTmpFiles\fatfs_vars.tmp
2025-06-20 14:33:04,776 [INFO] CodeEngine:263 - oldGeneratedFile, C:\Users\ashen\Documents\GitHub\MSc-Project\P01\BMTR_RTOS_ASRV1\MXTmpFiles\fatfs_ext_vars.tmp_save
2025-06-20 14:33:04,853 [INFO] CodeEngine:287 - Generated code: C:\Users\ashen\Documents\GitHub\MSc-Project\P01\BMTR_RTOS_ASRV1\MXTmpFiles\fatfs_ext_vars.tmp
2025-06-20 14:33:04,861 [INFO] CodeEngine:263 - oldGeneratedFile, C:\Users\ashen\Documents\GitHub\MSc-Project\P01\BMTR_RTOS_ASRV1\MXTmpFiles\fatfs_inc.tmp_save
2025-06-20 14:33:04,948 [INFO] CodeEngine:287 - Generated code: C:\Users\ashen\Documents\GitHub\MSc-Project\P01\BMTR_RTOS_ASRV1\MXTmpFiles\fatfs_inc.tmp
2025-06-20 14:33:04,974 [INFO] Middleware:1452 - No code input for Bsp Dependency
2025-06-20 14:33:04,984 [INFO] CodeEngine:263 - oldGeneratedFile, C:\Users\ashen\Documents\GitHub\MSc-Project\P01\BMTR_RTOS_ASRV1\MXTmpFiles\rtos_inc.tmp_save
2025-06-20 14:33:05,061 [INFO] CodeEngine:287 - Generated code: C:\Users\ashen\Documents\GitHub\MSc-Project\P01\BMTR_RTOS_ASRV1\MXTmpFiles\rtos_inc.tmp
2025-06-20 14:33:05,067 [INFO] CodeEngine:263 - oldGeneratedFile, C:\Users\ashen\Documents\GitHub\MSc-Project\P01\BMTR_RTOS_ASRV1\MXTmpFiles\rtos_vars.tmp_save
2025-06-20 14:33:05,139 [INFO] CodeEngine:287 - Generated code: C:\Users\ashen\Documents\GitHub\MSc-Project\P01\BMTR_RTOS_ASRV1\MXTmpFiles\rtos_vars.tmp
2025-06-20 14:33:05,147 [INFO] CodeEngine:263 - oldGeneratedFile, C:\Users\ashen\Documents\GitHub\MSc-Project\P01\BMTR_RTOS_ASRV1\MXTmpFiles\rtos_pfp.tmp_save
2025-06-20 14:33:05,211 [INFO] CodeEngine:287 - Generated code: C:\Users\ashen\Documents\GitHub\MSc-Project\P01\BMTR_RTOS_ASRV1\MXTmpFiles\rtos_pfp.tmp
2025-06-20 14:33:05,216 [INFO] CodeEngine:263 - oldGeneratedFile, C:\Users\ashen\Documents\GitHub\MSc-Project\P01\BMTR_RTOS_ASRV1\MXTmpFiles\rtos_obj_creat.tmp_save
2025-06-20 14:33:05,341 [INFO] CodeEngine:287 - Generated code: C:\Users\ashen\Documents\GitHub\MSc-Project\P01\BMTR_RTOS_ASRV1\MXTmpFiles\rtos_obj_creat.tmp
2025-06-20 14:33:05,348 [INFO] CodeEngine:263 - oldGeneratedFile, C:\Users\ashen\Documents\GitHub\MSc-Project\P01\BMTR_RTOS_ASRV1\MXTmpFiles\rtos_kernelStart.tmp_save
2025-06-20 14:33:05,464 [INFO] CodeEngine:287 - Generated code: C:\Users\ashen\Documents\GitHub\MSc-Project\P01\BMTR_RTOS_ASRV1\MXTmpFiles\rtos_kernelStart.tmp
2025-06-20 14:33:05,471 [INFO] CodeEngine:263 - oldGeneratedFile, C:\Users\ashen\Documents\GitHub\MSc-Project\P01\BMTR_RTOS_ASRV1\MXTmpFiles\rtos_default_thread.tmp_save
2025-06-20 14:33:05,552 [INFO] CodeEngine:287 - Generated code: C:\Users\ashen\Documents\GitHub\MSc-Project\P01\BMTR_RTOS_ASRV1\MXTmpFiles\rtos_default_thread.tmp
2025-06-20 14:33:05,561 [INFO] CodeEngine:263 - oldGeneratedFile, C:\Users\ashen\Documents\GitHub\MSc-Project\P01\BMTR_RTOS_ASRV1\MXTmpFiles\rtos_threads.tmp_save
2025-06-20 14:33:05,642 [INFO] CodeEngine:287 - Generated code: C:\Users\ashen\Documents\GitHub\MSc-Project\P01\BMTR_RTOS_ASRV1\MXTmpFiles\rtos_threads.tmp
2025-06-20 14:33:05,650 [INFO] CodeEngine:263 - oldGeneratedFile, C:\Users\ashen\Documents\GitHub\MSc-Project\P01\BMTR_RTOS_ASRV1\Core\Inc\FreeRTOSConfig.h_save
2025-06-20 14:33:05,747 [INFO] CodeEngine:287 - Generated code: C:\Users\ashen\Documents\GitHub\MSc-Project\P01\BMTR_RTOS_ASRV1\Core\Inc\FreeRTOSConfig.h
2025-06-20 14:33:05,753 [INFO] CodeEngine:263 - oldGeneratedFile, C:\Users\ashen\Documents\GitHub\MSc-Project\P01\BMTR_RTOS_ASRV1\Core\Src\freertos.c_save
2025-06-20 14:33:05,843 [INFO] CodeEngine:287 - Generated code: C:\Users\ashen\Documents\GitHub\MSc-Project\P01\BMTR_RTOS_ASRV1\Core\Src\freertos.c
2025-06-20 14:33:05,853 [INFO] CodeEngine:263 - oldGeneratedFile, C:\Users\ashen\Documents\GitHub\MSc-Project\P01\BMTR_RTOS_ASRV1\MXTmpFiles\cortex.tmp_save
2025-06-20 14:33:05,924 [INFO] CodeEngine:287 - Generated code: C:\Users\ashen\Documents\GitHub\MSc-Project\P01\BMTR_RTOS_ASRV1\MXTmpFiles\cortex.tmp
2025-06-20 14:33:05,936 [INFO] Middleware:1452 - No code input for Bsp Dependency
2025-06-20 14:33:05,947 [INFO] CodeEngine:263 - oldGeneratedFile, C:\Users\ashen\Documents\GitHub\MSc-Project\P01\BMTR_RTOS_ASRV1\MXTmpFiles\fatfs_HalInit.tmp_save
2025-06-20 14:33:06,042 [INFO] CodeEngine:287 - Generated code: C:\Users\ashen\Documents\GitHub\MSc-Project\P01\BMTR_RTOS_ASRV1\MXTmpFiles\fatfs_HalInit.tmp
2025-06-20 14:33:06,048 [INFO] CodeEngine:263 - oldGeneratedFile, C:\Users\ashen\Documents\GitHub\MSc-Project\P01\BMTR_RTOS_ASRV1\MXTmpFiles\fatfs_vars.tmp_save
2025-06-20 14:33:06,114 [INFO] CodeEngine:287 - Generated code: C:\Users\ashen\Documents\GitHub\MSc-Project\P01\BMTR_RTOS_ASRV1\MXTmpFiles\fatfs_vars.tmp
2025-06-20 14:33:06,121 [INFO] CodeEngine:263 - oldGeneratedFile, C:\Users\ashen\Documents\GitHub\MSc-Project\P01\BMTR_RTOS_ASRV1\MXTmpFiles\fatfs_ext_vars.tmp_save
2025-06-20 14:33:06,190 [INFO] CodeEngine:287 - Generated code: C:\Users\ashen\Documents\GitHub\MSc-Project\P01\BMTR_RTOS_ASRV1\MXTmpFiles\fatfs_ext_vars.tmp
2025-06-20 14:33:06,196 [INFO] CodeEngine:263 - oldGeneratedFile, C:\Users\ashen\Documents\GitHub\MSc-Project\P01\BMTR_RTOS_ASRV1\MXTmpFiles\fatfs_inc.tmp_save
2025-06-20 14:33:06,262 [INFO] CodeEngine:287 - Generated code: C:\Users\ashen\Documents\GitHub\MSc-Project\P01\BMTR_RTOS_ASRV1\MXTmpFiles\fatfs_inc.tmp
2025-06-20 14:33:06,268 [INFO] CodeEngine:263 - oldGeneratedFile, C:\Users\ashen\Documents\GitHub\MSc-Project\P01\BMTR_RTOS_ASRV1\FATFS\Target\ffconf.h_save
2025-06-20 14:33:06,345 [INFO] CodeEngine:287 - Generated code: C:\Users\ashen\Documents\GitHub\MSc-Project\P01\BMTR_RTOS_ASRV1\FATFS\Target\ffconf.h
2025-06-20 14:33:06,351 [INFO] CodeEngine:263 - oldGeneratedFile, C:\Users\ashen\Documents\GitHub\MSc-Project\P01\BMTR_RTOS_ASRV1\FATFS\Target\user_diskio.c_save
2025-06-20 14:33:06,419 [INFO] CodeEngine:287 - Generated code: C:\Users\ashen\Documents\GitHub\MSc-Project\P01\BMTR_RTOS_ASRV1\FATFS\Target\user_diskio.c
2025-06-20 14:33:06,427 [INFO] CodeEngine:263 - oldGeneratedFile, C:\Users\ashen\Documents\GitHub\MSc-Project\P01\BMTR_RTOS_ASRV1\FATFS\Target\user_diskio.h_save
2025-06-20 14:33:06,493 [INFO] CodeEngine:287 - Generated code: C:\Users\ashen\Documents\GitHub\MSc-Project\P01\BMTR_RTOS_ASRV1\FATFS\Target\user_diskio.h
2025-06-20 14:33:06,498 [INFO] CodeEngine:263 - oldGeneratedFile, C:\Users\ashen\Documents\GitHub\MSc-Project\P01\BMTR_RTOS_ASRV1\FATFS\App\fatfs.c_save
2025-06-20 14:33:06,566 [INFO] CodeEngine:287 - Generated code: C:\Users\ashen\Documents\GitHub\MSc-Project\P01\BMTR_RTOS_ASRV1\FATFS\App\fatfs.c
2025-06-20 14:33:06,572 [INFO] CodeEngine:263 - oldGeneratedFile, C:\Users\ashen\Documents\GitHub\MSc-Project\P01\BMTR_RTOS_ASRV1\FATFS\App\fatfs.h_save
2025-06-20 14:33:06,643 [INFO] CodeEngine:287 - Generated code: C:\Users\ashen\Documents\GitHub\MSc-Project\P01\BMTR_RTOS_ASRV1\FATFS\App\fatfs.h
2025-06-20 14:33:06,669 [INFO] CodeEngine:263 - oldGeneratedFile, C:\Users\ashen\Documents\GitHub\MSc-Project\P01\BMTR_RTOS_ASRV1\Core\Src\stm32f7xx_it.c_save
2025-06-20 14:33:06,761 [INFO] CodeEngine:287 - Generated code: C:\Users\ashen\Documents\GitHub\MSc-Project\P01\BMTR_RTOS_ASRV1\Core\Src\stm32f7xx_it.c
2025-06-20 14:33:06,769 [INFO] CodeEngine:263 - oldGeneratedFile, C:\Users\ashen\Documents\GitHub\MSc-Project\P01\BMTR_RTOS_ASRV1\Core\Inc\stm32f7xx_it.h_save
2025-06-20 14:33:06,845 [INFO] CodeEngine:287 - Generated code: C:\Users\ashen\Documents\GitHub\MSc-Project\P01\BMTR_RTOS_ASRV1\Core\Inc\stm32f7xx_it.h
2025-06-20 14:33:06,870 [INFO] CodeEngine:263 - oldGeneratedFile, C:\Users\ashen\Documents\GitHub\MSc-Project\P01\BMTR_RTOS_ASRV1\Core\Src\stm32f7xx_hal_msp.c_save
2025-06-20 14:33:06,984 [INFO] CodeEngine:287 - Generated code: C:\Users\ashen\Documents\GitHub\MSc-Project\P01\BMTR_RTOS_ASRV1\Core\Src\stm32f7xx_hal_msp.c
2025-06-20 14:33:06,988 [INFO] CodeEngine:263 - oldGeneratedFile, C:\Users\ashen\Documents\GitHub\MSc-Project\P01\BMTR_RTOS_ASRV1\MXTmpFiles\system.tmp_save
2025-06-20 14:33:07,056 [INFO] CodeEngine:287 - Generated code: C:\Users\ashen\Documents\GitHub\MSc-Project\P01\BMTR_RTOS_ASRV1\MXTmpFiles\system.tmp
2025-06-20 14:33:07,062 [INFO] CodeEngine:263 - oldGeneratedFile, C:\Users\ashen\Documents\GitHub\MSc-Project\P01\BMTR_RTOS_ASRV1\Core\Src\stm32f7xx_hal_timebase_tim.c_save
2025-06-20 14:33:07,144 [INFO] CodeEngine:287 - Generated code: C:\Users\ashen\Documents\GitHub\MSc-Project\P01\BMTR_RTOS_ASRV1\Core\Src\stm32f7xx_hal_timebase_tim.c
2025-06-20 14:33:07,156 [INFO] CodeEngine:319 - oldGeneratedFile, C:\Users\ashen\Documents\GitHub\MSc-Project\P01\BMTR_RTOS_ASRV1\Core\Inc\stm32f7xx_hal_conf.h_save
2025-06-20 14:33:07,230 [INFO] CodeEngine:343 - Generated code: C:\Users\ashen\Documents\GitHub\MSc-Project\P01\BMTR_RTOS_ASRV1\Core\Inc\stm32f7xx_hal_conf.h
2025-06-20 14:33:07,255 [WARN] IPConfigManager:3747 - IP not found : TIM
2025-06-20 14:33:07,257 [WARN] CodeGenerator:4198 - IP not found : null
2025-06-20 14:33:07,266 [INFO] CodeEngine:263 - oldGeneratedFile, C:\Users\ashen\Documents\GitHub\MSc-Project\P01\BMTR_RTOS_ASRV1\Core\Inc\main.h_save
2025-06-20 14:33:07,339 [INFO] CodeEngine:287 - Generated code: C:\Users\ashen\Documents\GitHub\MSc-Project\P01\BMTR_RTOS_ASRV1\Core\Inc\main.h
2025-06-20 14:33:07,358 [INFO] CodeEngine:263 - oldGeneratedFile, C:\Users\ashen\Documents\GitHub\MSc-Project\P01\BMTR_RTOS_ASRV1\Core\Src\main.c_save
2025-06-20 14:33:07,531 [INFO] CodeEngine:287 - Generated code: C:\Users\ashen\Documents\GitHub\MSc-Project\P01\BMTR_RTOS_ASRV1\Core\Src\main.c
2025-06-20 14:33:08,140 [INFO] ProjectBuilder:3324 - Time for Copy HAL[1] : 310mS.
2025-06-20 14:33:08,152 [INFO] ProjectBuilder:4912 - Project Generator version: 4.6.0-B36
2025-06-20 14:33:08,298 [INFO] ConfigFileManager:1590 - The Die is : DIE449
2025-06-20 14:33:09,771 [INFO] ProjectBuilder:5191 - Time for Generating toolchain IDE Files: 1618mS.
2025-06-20 14:33:09,773 [INFO] ProjectBuilder:3181 - Time for Copy CMSIS : 1mS.
2025-06-20 14:33:09,788 [INFO] ProjectBuilder:3181 - Time for Copy CMSIS : 0mS.
2025-06-20 14:53:23,146 [ERROR] LogOutputStream:75 - [STDERR_REDIRECT] 
2025-06-20 15:09:17,430 [INFO] Activator:176 - 


2025-06-20 15:09:17,432 [INFO] Activator:177 - !SESSION log4j initialized
2025-06-20 15:09:27,294 [INFO] LogOutputStream:77 - [STDOUT_REDIRECT] 
2025-06-20 15:09:28,488 [INFO] ApplicationProperties:184 - Using Application install path: C:\ST\STM32CubeIDE_1.17.0\STM32CubeIDE\plugins\com.st.stm32cube.common.mx_6.14.0.202502271554
2025-06-20 15:09:28,502 [INFO] DbMcusXml:78 - Set database path to: C:\ST\STM32CubeIDE_1.17.0\STM32CubeIDE\plugins\com.st.stm32cube.common.mx_6.14.0.202502271554\\db\/mcu/
2025-06-20 15:09:28,503 [INFO] ApiDb:274 - Set plugin database path to: C:\ST\STM32CubeIDE_1.17.0\STM32CubeIDE\plugins\com.st.stm32cube.common.mx_6.14.0.202502271554\\db\/plugins/boardmanager/
2025-06-20 15:09:28,503 [WARN] ApiDb:259 - Overriding images path with different value:  => C:\ST\STM32CubeIDE_1.17.0\STM32CubeIDE\plugins\com.st.stm32cube.common.mx_6.14.0.202502271554\\db\/plugins/mcufinder/images/
2025-06-20 15:09:28,511 [INFO] ApiDb:250 - Set database path to: C:\Users\ashen\.stmcufinder\plugins\mcufinder//mcu/
2025-06-20 15:09:28,512 [INFO] DbMcusAds:125 - Set database path to: C:\Users\ashen\.stmcufinder\plugins\mcufinder//mcu/
2025-06-20 15:09:28,513 [INFO] CrossReferenceDbSqlite:203 - Set database path to: C:\Users\ashen\.stmcufinder\plugins\mcufinder//mcu/cs/
2025-06-20 15:09:28,640 [INFO] RulesReader:64 - Compatibility file has been processed (301 Rules)
2025-06-20 15:09:28,721 [INFO] DbMcusXml:78 - Set database path to: C:\ST\STM32CubeIDE_1.17.0\STM32CubeIDE\plugins\com.st.stm32cube.common.mx_6.14.0.202502271554\\db\/mcu/
2025-06-20 15:09:28,721 [INFO] ApiDb:274 - Set plugin database path to: C:\ST\STM32CubeIDE_1.17.0\STM32CubeIDE\plugins\com.st.stm32cube.common.mx_6.14.0.202502271554\\db\/plugins/boardmanager/
2025-06-20 15:09:28,721 [INFO] ApiDb:261 - Set plugin images path to: C:\ST\STM32CubeIDE_1.17.0\STM32CubeIDE\plugins\com.st.stm32cube.common.mx_6.14.0.202502271554\\db\/plugins/mcufinder/images/
2025-06-20 15:09:28,721 [WARN] DbFile:41 - Overriding database path with different value: C:\Users\ashen\.stmcufinder\plugins\mcufinder/ => C:\Users\ashen\.stmcufinder\plugins\mcufinder
2025-06-20 15:09:28,721 [INFO] ApiDb:250 - Set database path to: C:\Users\ashen\.stmcufinder\plugins\mcufinder//mcu/
2025-06-20 15:09:28,721 [WARN] DbFile:41 - Overriding database path with different value: C:\Users\ashen\.stmcufinder\plugins\mcufinder/ => C:\Users\ashen\.stmcufinder\plugins\mcufinder
2025-06-20 15:09:28,721 [INFO] DbMcusAds:125 - Set database path to: C:\Users\ashen\.stmcufinder\plugins\mcufinder//mcu/
2025-06-20 15:09:28,721 [WARN] DbFile:41 - Overriding database path with different value: C:\Users\ashen\.stmcufinder\plugins\mcufinder/ => C:\Users\ashen\.stmcufinder\plugins\mcufinder
2025-06-20 15:09:28,721 [WARN] DbFile:41 - Overriding database path with different value: C:\Users\ashen\.stmcufinder\plugins\mcufinder/ => C:\Users\ashen\.stmcufinder\plugins\mcufinder
2025-06-20 15:09:28,721 [INFO] CrossReferenceDbSqlite:203 - Set database path to: C:\Users\ashen\.stmcufinder\plugins\mcufinder//mcu/cs/
2025-06-20 15:09:28,782 [INFO] MainPanel:272 - HeapMemory: 268435456
2025-06-20 15:09:28,872 [INFO] DbMcusXml:78 - Set database path to: C:\ST\STM32CubeIDE_1.17.0\STM32CubeIDE\plugins\com.st.stm32cube.common.mx_6.14.0.202502271554\\db\/mcu/
2025-06-20 15:09:28,872 [INFO] ApiDb:274 - Set plugin database path to: C:\ST\STM32CubeIDE_1.17.0\STM32CubeIDE\plugins\com.st.stm32cube.common.mx_6.14.0.202502271554\\db\/plugins/boardmanager/
2025-06-20 15:09:28,872 [INFO] ApiDb:261 - Set plugin images path to: C:\ST\STM32CubeIDE_1.17.0\STM32CubeIDE\plugins\com.st.stm32cube.common.mx_6.14.0.202502271554\\db\/plugins/mcufinder/images/
2025-06-20 15:09:28,873 [WARN] DbFile:41 - Overriding database path with different value: C:\Users\ashen\.stmcufinder\plugins\mcufinder/ => C:\Users\ashen\.stmcufinder\plugins\mcufinder
2025-06-20 15:09:28,873 [INFO] ApiDb:250 - Set database path to: C:\Users\ashen\.stmcufinder\plugins\mcufinder//mcu/
2025-06-20 15:09:28,873 [WARN] DbFile:41 - Overriding database path with different value: C:\Users\ashen\.stmcufinder\plugins\mcufinder/ => C:\Users\ashen\.stmcufinder\plugins\mcufinder
2025-06-20 15:09:28,873 [INFO] DbMcusAds:125 - Set database path to: C:\Users\ashen\.stmcufinder\plugins\mcufinder//mcu/
2025-06-20 15:09:28,873 [WARN] DbFile:41 - Overriding database path with different value: C:\Users\ashen\.stmcufinder\plugins\mcufinder/ => C:\Users\ashen\.stmcufinder\plugins\mcufinder
2025-06-20 15:09:28,873 [WARN] DbFile:41 - Overriding database path with different value: C:\Users\ashen\.stmcufinder\plugins\mcufinder/ => C:\Users\ashen\.stmcufinder\plugins\mcufinder
2025-06-20 15:09:28,873 [INFO] CrossReferenceDbSqlite:203 - Set database path to: C:\Users\ashen\.stmcufinder\plugins\mcufinder//mcu/cs/
2025-06-20 15:09:28,890 [INFO] ApplicationProperties:184 - Using Application install path: C:\ST\STM32CubeIDE_1.17.0\STM32CubeIDE\plugins\com.st.stm32cube.common.mx_6.14.0.202502271554
2025-06-20 15:09:28,891 [INFO] PluginManage:196 - Search for loadable plugins [exclusion list=, ]
2025-06-20 15:09:28,892 [INFO] PluginManage:310 - Check plugin analytics
2025-06-20 15:09:29,053 [INFO] AnalyticsPlugin:253 - Accepted Software Licenses: 
2025-06-20 15:09:29,054 [INFO] AnalyticsPlugin:255 - Accepted CMSIS Pack Licenses: 
2025-06-20 15:09:29,054 [INFO] AnalyticsPlugin:257 - Accepted Firmware Licenses: 
2025-06-20 15:09:29,056 [INFO] PluginManage:359 - Loaded plugin analytics (category:tool,tabindex:-1)
2025-06-20 15:09:29,056 [INFO] PluginManage:310 - Check plugin cadmodel
2025-06-20 15:09:29,064 [INFO] CADModel:105 - Init CAD model plugin
2025-06-20 15:09:29,065 [INFO] PluginManage:359 - Loaded plugin cadmodel (category:power,tabindex:5)
2025-06-20 15:09:29,065 [INFO] PluginManage:310 - Check plugin clock
2025-06-20 15:09:29,072 [INFO] PluginManage:359 - Loaded plugin clock (category:base,tabindex:2)
2025-06-20 15:09:29,073 [INFO] PluginManage:310 - Check plugin ddr
2025-06-20 15:09:29,074 [INFO] PluginManage:359 - Loaded plugin ddr (category:tool,tabindex:6)
2025-06-20 15:09:29,075 [INFO] PluginManage:310 - Check plugin filemanager
2025-06-20 15:09:29,199 [INFO] PluginManage:359 - Loaded plugin filemanager (category:base,tabindex:10)
2025-06-20 15:09:29,199 [INFO] PluginManage:310 - Check plugin ipmanager
2025-06-20 15:09:29,203 [INFO] PluginManage:359 - Loaded plugin ipmanager (category:base,tabindex:5)
2025-06-20 15:09:29,203 [INFO] PluginManage:310 - Check plugin lpbam
2025-06-20 15:09:29,211 [INFO] PluginManage:359 - Loaded plugin lpbam (category:base,tabindex:0)
2025-06-20 15:09:29,211 [INFO] PluginManage:310 - Check plugin memorymap
2025-06-20 15:09:29,226 [INFO] PluginManage:359 - Loaded plugin memorymap (category:base,tabindex:4)
2025-06-20 15:09:29,226 [INFO] PluginManage:310 - Check plugin pinoutandconfiguration
2025-06-20 15:09:29,235 [INFO] PluginManage:359 - Loaded plugin pinoutandconfiguration (category:base,tabindex:1)
2025-06-20 15:09:29,235 [INFO] PluginManage:310 - Check plugin pinoutconfig
2025-06-20 15:09:29,332 [WARN] SupportedApi:132 - Cannot load RTOS API schema: s4s-elt-must-match.1: The content of 'definitions' must match (annotation?, (simpleType | complexType)?, (unique | key | keyref)*)). A problem was found starting at: attribute.
2025-06-20 15:09:29,473 [INFO] PluginManage:359 - Loaded plugin pinoutconfig (category:base,tabindex:0)
2025-06-20 15:09:29,473 [INFO] PluginManage:310 - Check plugin power
2025-06-20 15:09:29,484 [INFO] PluginManage:359 - Loaded plugin power (category:power,tabindex:4)
2025-06-20 15:09:29,484 [INFO] PluginManage:310 - Check plugin projectmanager
2025-06-20 15:09:29,519 [INFO] PluginManage:359 - Loaded plugin projectmanager (category:projectmanager,tabindex:4)
2025-06-20 15:09:29,520 [INFO] PluginManage:310 - Check plugin rif
2025-06-20 15:09:29,531 [INFO] PluginManage:359 - Loaded plugin rif (category:base,tabindex:3)
2025-06-20 15:09:29,531 [INFO] PluginManage:310 - Check plugin thirdparty
2025-06-20 15:09:29,692 [WARN] IntegrityCheckThread:84 - waiting for thirdparty lock release [integrity check]
2025-06-20 15:09:29,692 [INFO] IntegrityCheckThread:86 - entering critical section [integrity check]
2025-06-20 15:09:29,692 [INFO] PluginManage:359 - Loaded plugin thirdparty (category:base,tabindex:-1)
2025-06-20 15:09:29,692 [INFO] PluginManage:310 - Check plugin tools
2025-06-20 15:09:29,692 [INFO] ThirdPartyUpdaterWithRetryManager:70 - Updater plugin not ready yet. [1/15]
2025-06-20 15:09:29,696 [INFO] PluginManage:359 - Loaded plugin tools (category:base,tabindex:7)
2025-06-20 15:09:29,697 [INFO] PluginManage:310 - Check plugin tutovideos
2025-06-20 15:09:29,913 [INFO] PluginManage:359 - Loaded plugin tutovideos (category:base,tabindex:-1)
2025-06-20 15:09:29,913 [INFO] PluginManage:310 - Check plugin updater
2025-06-20 15:09:29,936 [INFO] PluginManage:359 - Loaded plugin updater (category:base,tabindex:12)
2025-06-20 15:09:29,936 [INFO] PluginManage:310 - Check plugin userauth
2025-06-20 15:09:29,943 [INFO] UserAuth:118 - Init User Auth plugin
2025-06-20 15:09:29,945 [INFO] PluginManage:359 - Loaded plugin userauth (category:base,tabindex:14)
2025-06-20 15:09:29,945 [INFO] PluginManage:283 - PluginManage : Loaded plugins [18]
2025-06-20 15:09:30,160 [INFO] PinOutPanel:1589 - setPackage(No Configuration,No Configuration)
2025-06-20 15:09:30,232 [INFO] CADModel:165 - CPN selected for project level
2025-06-20 15:09:30,232 [INFO] CADModel:114 - Register for checkConnection events
2025-06-20 15:09:30,247 [INFO] IPUIPlugin:80 - create IPUIPlugin
2025-06-20 15:09:30,247 [INFO] PluginManager:220 - loadIPPluginJar : add adc
2025-06-20 15:09:30,250 [INFO] IPUIPlugin:80 - create IPUIPlugin
2025-06-20 15:09:30,251 [INFO] PluginManager:220 - loadIPPluginJar : add aes
2025-06-20 15:09:30,254 [INFO] IPUIPlugin:80 - create IPUIPlugin
2025-06-20 15:09:30,254 [INFO] PluginManager:220 - loadIPPluginJar : add can
2025-06-20 15:09:30,256 [INFO] IPUIPlugin:80 - create IPUIPlugin
2025-06-20 15:09:30,256 [INFO] PluginManager:220 - loadIPPluginJar : add comp
2025-06-20 15:09:30,259 [INFO] IPUIPlugin:80 - create IPUIPlugin
2025-06-20 15:09:30,259 [INFO] PluginManager:220 - loadIPPluginJar : add cryp
2025-06-20 15:09:30,262 [INFO] IPUIPlugin:80 - create IPUIPlugin
2025-06-20 15:09:30,262 [INFO] PluginManager:220 - loadIPPluginJar : add ddr_ctrl_phy
2025-06-20 15:09:30,264 [INFO] IPUIPlugin:80 - create IPUIPlugin
2025-06-20 15:09:30,264 [INFO] PluginManager:220 - loadIPPluginJar : add dfsdm
2025-06-20 15:09:30,269 [INFO] IPUIPlugin:80 - create IPUIPlugin
2025-06-20 15:09:30,269 [INFO] PluginManager:220 - loadIPPluginJar : add dma
2025-06-20 15:09:30,271 [INFO] IPUIPlugin:80 - create IPUIPlugin
2025-06-20 15:09:30,271 [INFO] PluginManager:220 - loadIPPluginJar : add dma3
2025-06-20 15:09:30,273 [INFO] IPUIPlugin:80 - create IPUIPlugin
2025-06-20 15:09:30,273 [INFO] PluginManager:220 - loadIPPluginJar : add extmemmanager
2025-06-20 15:09:30,275 [INFO] IPUIPlugin:80 - create IPUIPlugin
2025-06-20 15:09:30,275 [INFO] PluginManager:220 - loadIPPluginJar : add fatfs
2025-06-20 15:09:30,278 [INFO] IPUIPlugin:80 - create IPUIPlugin
2025-06-20 15:09:30,279 [INFO] PluginManager:220 - loadIPPluginJar : add fmc
2025-06-20 15:09:30,282 [INFO] IPUIPlugin:80 - create IPUIPlugin
2025-06-20 15:09:30,283 [INFO] PluginManager:220 - loadIPPluginJar : add freertos
2025-06-20 15:09:30,284 [INFO] IPUIPlugin:80 - create IPUIPlugin
2025-06-20 15:09:30,284 [INFO] PluginManager:220 - loadIPPluginJar : add genericplugin
2025-06-20 15:09:30,286 [INFO] IPUIPlugin:80 - create IPUIPlugin
2025-06-20 15:09:30,286 [INFO] PluginManager:220 - loadIPPluginJar : add gfxmmu
2025-06-20 15:09:30,291 [INFO] IPUIPlugin:80 - create IPUIPlugin
2025-06-20 15:09:30,291 [INFO] PluginManager:220 - loadIPPluginJar : add gic
2025-06-20 15:09:30,295 [INFO] IPUIPlugin:80 - create IPUIPlugin
2025-06-20 15:09:30,295 [INFO] PluginManager:220 - loadIPPluginJar : add gpio
2025-06-20 15:09:30,298 [INFO] IPUIPlugin:80 - create IPUIPlugin
2025-06-20 15:09:30,298 [INFO] PluginManager:220 - loadIPPluginJar : add gtzc
2025-06-20 15:09:30,302 [INFO] IPUIPlugin:80 - create IPUIPlugin
2025-06-20 15:09:30,303 [INFO] PluginManager:220 - loadIPPluginJar : add hash
2025-06-20 15:09:30,305 [INFO] IPUIPlugin:80 - create IPUIPlugin
2025-06-20 15:09:30,306 [INFO] PluginManager:220 - loadIPPluginJar : add i2c
2025-06-20 15:09:30,309 [INFO] IPUIPlugin:80 - create IPUIPlugin
2025-06-20 15:09:30,309 [INFO] PluginManager:220 - loadIPPluginJar : add i2s
2025-06-20 15:09:30,311 [INFO] IPUIPlugin:80 - create IPUIPlugin
2025-06-20 15:09:30,313 [INFO] PluginManager:220 - loadIPPluginJar : add i3c
2025-06-20 15:09:30,316 [INFO] IPUIPlugin:80 - create IPUIPlugin
2025-06-20 15:09:30,317 [INFO] PluginManager:220 - loadIPPluginJar : add ipddr
2025-06-20 15:09:30,326 [INFO] IPUIPlugin:80 - create IPUIPlugin
2025-06-20 15:09:30,327 [INFO] PluginManager:220 - loadIPPluginJar : add linkedlist
2025-06-20 15:09:30,331 [INFO] IPUIPlugin:80 - create IPUIPlugin
2025-06-20 15:09:30,331 [INFO] PluginManager:220 - loadIPPluginJar : add lorawan
2025-06-20 15:09:30,334 [INFO] IPUIPlugin:80 - create IPUIPlugin
2025-06-20 15:09:30,334 [INFO] PluginManager:220 - loadIPPluginJar : add ltdc
2025-06-20 15:09:30,340 [INFO] IPUIPlugin:80 - create IPUIPlugin
2025-06-20 15:09:30,340 [INFO] PluginManager:220 - loadIPPluginJar : add mdma
2025-06-20 15:09:30,343 [INFO] IPUIPlugin:80 - create IPUIPlugin
2025-06-20 15:09:30,344 [INFO] PluginManager:220 - loadIPPluginJar : add nvic
2025-06-20 15:09:30,346 [INFO] IPUIPlugin:80 - create IPUIPlugin
2025-06-20 15:09:30,346 [INFO] PluginManager:220 - loadIPPluginJar : add opamp
2025-06-20 15:09:30,351 [INFO] IPUIPlugin:80 - create IPUIPlugin
2025-06-20 15:09:30,352 [INFO] PluginManager:220 - loadIPPluginJar : add openamp
2025-06-20 15:09:30,354 [INFO] IPUIPlugin:80 - create IPUIPlugin
2025-06-20 15:09:30,355 [INFO] PluginManager:220 - loadIPPluginJar : add pdm2pcm
2025-06-20 15:09:30,360 [INFO] IPUIPlugin:80 - create IPUIPlugin
2025-06-20 15:09:30,363 [INFO] PluginManager:220 - loadIPPluginJar : add plateformsettings
2025-06-20 15:09:30,366 [INFO] IPUIPlugin:80 - create IPUIPlugin
2025-06-20 15:09:30,366 [INFO] PluginManager:220 - loadIPPluginJar : add quadspi
2025-06-20 15:09:30,369 [INFO] IPUIPlugin:80 - create IPUIPlugin
2025-06-20 15:09:30,370 [INFO] PluginManager:220 - loadIPPluginJar : add radio
2025-06-20 15:09:30,375 [INFO] IPUIPlugin:80 - create IPUIPlugin
2025-06-20 15:09:30,375 [INFO] PluginManager:220 - loadIPPluginJar : add resmgrutility
2025-06-20 15:09:30,378 [INFO] IPUIPlugin:80 - create IPUIPlugin
2025-06-20 15:09:30,378 [INFO] PluginManager:220 - loadIPPluginJar : add sai
2025-06-20 15:09:30,383 [INFO] IPUIPlugin:80 - create IPUIPlugin
2025-06-20 15:09:30,383 [INFO] PluginManager:220 - loadIPPluginJar : add spi
2025-06-20 15:09:30,392 [INFO] IPUIPlugin:80 - create IPUIPlugin
2025-06-20 15:09:30,393 [INFO] PluginManager:220 - loadIPPluginJar : add stm32_wpan
2025-06-20 15:09:30,397 [INFO] IPUIPlugin:80 - create IPUIPlugin
2025-06-20 15:09:30,398 [INFO] PluginManager:220 - loadIPPluginJar : add tim
2025-06-20 15:09:30,402 [INFO] IPUIPlugin:80 - create IPUIPlugin
2025-06-20 15:09:30,403 [INFO] PluginManager:220 - loadIPPluginJar : add touchsensing
2025-06-20 15:09:30,406 [INFO] IPUIPlugin:80 - create IPUIPlugin
2025-06-20 15:09:30,406 [INFO] PluginManager:220 - loadIPPluginJar : add tracer_emb
2025-06-20 15:09:30,409 [INFO] IPUIPlugin:80 - create IPUIPlugin
2025-06-20 15:09:30,409 [INFO] PluginManager:220 - loadIPPluginJar : add ts
2025-06-20 15:09:30,412 [INFO] IPUIPlugin:80 - create IPUIPlugin
2025-06-20 15:09:30,412 [INFO] PluginManager:220 - loadIPPluginJar : add tsc
2025-06-20 15:09:30,415 [INFO] IPUIPlugin:80 - create IPUIPlugin
2025-06-20 15:09:30,415 [INFO] PluginManager:220 - loadIPPluginJar : add ucpd
2025-06-20 15:09:30,418 [INFO] IPUIPlugin:80 - create IPUIPlugin
2025-06-20 15:09:30,418 [INFO] PluginManager:220 - loadIPPluginJar : add usart
2025-06-20 15:09:30,424 [INFO] IPUIPlugin:80 - create IPUIPlugin
2025-06-20 15:09:30,424 [INFO] PluginManager:220 - loadIPPluginJar : add usbx
2025-06-20 15:09:30,562 [FATAL] Updater:351 - Updater called before beeing initialized
2025-06-20 15:09:30,591 [INFO] RulesReader:64 - Compatibility file has been processed (301 Rules)
2025-06-20 15:09:30,602 [INFO] RulesReader:64 - Compatibility file has been processed (301 Rules)
2025-06-20 15:09:30,614 [INFO] CADModel:165 - CPN selected for project level
2025-06-20 15:09:30,614 [INFO] CADModel:114 - Register for checkConnection events
2025-06-20 15:09:30,614 [FATAL] Updater:351 - Updater called before beeing initialized
2025-06-20 15:09:30,614 [ERROR] CADModel:125 - Updater not yet initialized, retry later 
2025-06-20 15:09:30,801 [FATAL] Updater:351 - Updater called before beeing initialized
2025-06-20 15:09:30,803 [INFO] CADModel:165 - CPN selected for project level
2025-06-20 15:09:30,803 [INFO] CADModel:114 - Register for checkConnection events
2025-06-20 15:09:30,803 [FATAL] Updater:351 - Updater called before beeing initialized
2025-06-20 15:09:30,803 [ERROR] CADModel:125 - Updater not yet initialized, retry later 
2025-06-20 15:09:30,808 [FATAL] Updater:351 - Updater called before beeing initialized
2025-06-20 15:09:30,932 [FATAL] Updater:351 - Updater called before beeing initialized
2025-06-20 15:09:30,935 [INFO] DbMcusAds:53 - JSON generation date=Thu Mar 06 20:24:22 IST 2025 (1741272862078)
2025-06-20 15:09:30,936 [FATAL] Updater:351 - Updater called before beeing initialized
2025-06-20 15:09:30,968 [WARN] DetailPanel:346 - Failed to get advertising image, set to default
2025-06-20 15:09:31,193 [FATAL] Updater:351 - Updater called before beeing initialized
2025-06-20 15:09:31,194 [FATAL] Updater:351 - Updater called before beeing initialized
2025-06-20 15:09:31,194 [FATAL] Updater:351 - Updater called before beeing initialized
2025-06-20 15:09:31,194 [WARN] DetailPanel:346 - Failed to get advertising image, set to default
2025-06-20 15:09:31,195 [FATAL] Updater:351 - Updater called before beeing initialized
2025-06-20 15:09:31,234 [ERROR] Updater:1198 - MainUpdater not yet initialized. External WinMGr cannot be set.
2025-06-20 15:09:31,235 [INFO] Updater:1134 - Updater Version found : 6.14.0
2025-06-20 15:09:31,251 [INFO] ApplicationProperties:184 - Using Application install path: C:\ST\STM32CubeIDE_1.17.0\STM32CubeIDE\plugins\com.st.stm32cube.common.mx_6.14.0.202502271554
2025-06-20 15:09:31,858 [INFO] MainUpdater:2872 - connection check result : 10
2025-06-20 15:09:31,859 [INFO] MainUpdater:289 - Updater Check For Update Now.
2025-06-20 15:09:31,859 [INFO] MicroXplorer:498 - Change Database Version : DB.6.0.140
2025-06-20 15:09:31,864 [INFO] McuFinderGlobals:63 - Set McuFinder mode to 2 (CubeIDE integrated)
2025-06-20 15:09:31,865 [INFO] UserAuth:486 - Internet connection configuration mode: 1
2025-06-20 15:09:31,895 [INFO] JxBrowserEngine:152 - Initiate JxBrowser Engine with user profile folder
2025-06-20 15:09:32,042 [INFO] CheckServerUpdateThread:120 - End of CheckServer Thread
2025-06-20 15:09:32,980 [INFO] WebApp:169 - Instantiating new browser for Auth
2025-06-20 15:09:33,037 [WARN] PackLoader:240 - Cannot read IP mode file for STMicroelectronics.FP-SNS-MOTENVWB1.1.4.0
2025-06-20 15:09:33,048 [WARN] PackLoader:240 - Cannot read IP mode file for STMicroelectronics.FP-ATR-ASTRA1.2.0.2
2025-06-20 15:09:33,053 [WARN] PackLoader:240 - Cannot read IP mode file for STMicroelectronics.FP-ATR-ASTRA1.2.0.1
2025-06-20 15:09:33,061 [WARN] PackLoader:240 - Cannot read IP mode file for STMicroelectronics.X-CUBE-SMBUS.2.1.0
2025-06-20 15:09:33,073 [WARN] PackLoader:240 - Cannot read IP mode file for STMicroelectronics.X-CUBE-WB05N.1.1.0
2025-06-20 15:09:33,079 [WARN] PackLoader:240 - Cannot read IP mode file for STMicroelectronics.X-CUBE-ST60.1.0.0
2025-06-20 15:09:33,113 [WARN] PackLoader:240 - Cannot read IP mode file for STMicroelectronics.X-CUBE-AZRTOS-F7.1.1.0
2025-06-20 15:09:33,124 [WARN] PackLoader:240 - Cannot read IP mode file for STMicroelectronics.FP-SNS-FLIGHT1.5.0.2
2025-06-20 15:09:33,155 [WARN] PackLoader:240 - Cannot read IP mode file for Infineon.AIROC-Wi-Fi-Bluetooth-STM32.1.7.0
2025-06-20 15:09:33,168 [WARN] PackLoader:240 - Cannot read IP mode file for STMicroelectronics.X-CUBE-DISPLAY.3.0.0
2025-06-20 15:09:33,177 [WARN] PackLoader:240 - Cannot read IP mode file for STMicroelectronics.X-CUBE-BLE1.7.0.0
2025-06-20 15:09:33,184 [WARN] PackLoader:240 - Cannot read IP mode file for STMicroelectronics.X-CUBE-NFC10.1.0.0
2025-06-20 15:09:33,196 [WARN] PackLoader:240 - Cannot read IP mode file for STMicroelectronics.X-CUBE-BLEMGR.4.0.0
2025-06-20 15:09:33,205 [WARN] PackLoader:240 - Cannot read IP mode file for emotas.I-CUBE-CANOPEN.1.3.0
2025-06-20 15:09:33,210 [WARN] PackLoader:240 - Cannot read IP mode file for STMicroelectronics.X-CUBE-AI.10.0.0
2025-06-20 15:09:33,216 [WARN] PackLoader:240 - Cannot read IP mode file for STMicroelectronics.FP-SNS-SMARTAG2.1.2.0
2025-06-20 15:09:33,219 [WARN] PackLoader:240 - Cannot read IP mode file for STMicroelectronics.FP-SNS-FLIGHT1.5.1.0
2025-06-20 15:09:33,295 [WARN] PackLoader:240 - Cannot read IP mode file for STMicroelectronics.X-CUBE-MEMS1.11.1.0
2025-06-20 15:09:33,484 [INFO] LogOutputStream:77 - [STDOUT_REDIRECT] 1 : Invalid condition id : UX_CORESTACK_Condition cause : null
2025-06-20 15:09:33,485 [INFO] LogOutputStream:77 - [STDOUT_REDIRECT] 1 : Invalid condition id : UX_CORESTACK_Condition cause : null
2025-06-20 15:09:33,487 [INFO] LogOutputStream:77 - [STDOUT_REDIRECT] 1 : Invalid condition id : UX_CORESTACK_Condition cause : null
2025-06-20 15:09:33,488 [INFO] LogOutputStream:77 - [STDOUT_REDIRECT] 1 : Invalid condition id : UX_CORESTACK_Condition cause : null
2025-06-20 15:09:33,490 [INFO] LogOutputStream:77 - [STDOUT_REDIRECT] 1 : Invalid condition id : UX_CORESTACK_Condition cause : null
2025-06-20 15:09:33,492 [WARN] PackLoader:240 - Cannot read IP mode file for STMicroelectronics.X-CUBE-AZRTOS-WL.2.0.0
2025-06-20 15:09:33,499 [WARN] PackLoader:240 - Cannot read IP mode file for STMicroelectronics.FP-SNS-MOTENV1.5.0.0
2025-06-20 15:09:33,504 [WARN] PackLoader:240 - Cannot read IP mode file for wolfSSL.I-CUBE-wolfMQTT.1.19.0
2025-06-20 15:09:33,511 [WARN] PackLoader:240 - Cannot read IP mode file for WES.I-CUBE-Cesium.1.3.0
2025-06-20 15:09:33,515 [WARN] PackLoader:240 - Cannot read IP mode file for STMicroelectronics.X-CUBE-BLE2.3.3.0
2025-06-20 15:09:33,522 [WARN] PackLoader:240 - Cannot read IP mode file for STMicroelectronics.X-CUBE-NFC9.1.0.0
2025-06-20 15:09:33,527 [WARN] PackLoader:240 - Cannot read IP mode file for STMicroelectronics.X-CUBE-BLE1.7.1.0
2025-06-20 15:09:33,539 [WARN] PackLoader:240 - Cannot read IP mode file for STMicroelectronics.X-CUBE-AI.10.1.0
2025-06-20 15:09:33,605 [WARN] PackLoader:240 - Cannot read IP mode file for STMicroelectronics.X-CUBE-MEMS1.11.2.0
2025-06-20 15:09:33,823 [WARN] PackLoader:240 - Cannot read IP mode file for STMicroelectronics.X-CUBE-AZRTOS-G0.1.1.0
2025-06-20 15:09:33,838 [WARN] PackLoader:240 - Cannot read IP mode file for STMicroelectronics.X-CUBE-SAFEA1.1.2.2
2025-06-20 15:09:33,848 [WARN] PackLoader:240 - Cannot read IP mode file for STMicroelectronics.X-CUBE-NFC4.3.0.0
2025-06-20 15:09:33,865 [WARN] PackLoader:240 - Cannot read IP mode file for EmbeddedOffice.I-CUBE-FS-RTOS.1.0.1
2025-06-20 15:09:33,875 [WARN] PackLoader:240 - Cannot read IP mode file for STMicroelectronics.X-CUBE-WB05N.2.0.0
2025-06-20 15:09:33,886 [WARN] PackLoader:240 - Cannot read IP mode file for STMicroelectronics.X-CUBE-TCPP.4.2.0
2025-06-20 15:09:33,897 [WARN] PackLoader:240 - Cannot read IP mode file for RealThread.X-CUBE-RT-Thread_Nano.4.1.1
2025-06-20 15:09:33,908 [WARN] PackLoader:240 - Cannot read IP mode file for STMicroelectronics.FP-ATR-SIGFOX1.3.2.0
2025-06-20 15:09:33,916 [WARN] ConditionMgr:438 - getConditionDescription Invalid condition id : Cortex-A Device cause : null
2025-06-20 15:09:33,938 [WARN] ConditionMgr:1044 - genDependencies : Invalid condition id : Cortex-A Device cause : null
2025-06-20 15:09:33,938 [WARN] ConditionMgr:1044 - genDependencies : Invalid condition id : Cortex-A Device cause : null
2025-06-20 15:09:33,938 [WARN] ConditionMgr:1044 - genDependencies : Invalid condition id : Cortex-A Device cause : null
2025-06-20 15:09:33,949 [WARN] PackLoader:240 - Cannot read IP mode file for STMicroelectronics.X-CUBE-EEPRMA1.5.1.0
2025-06-20 15:09:33,958 [WARN] PackLoader:240 - Cannot read IP mode file for wolfSSL.I-CUBE-wolfSSL.5.7.6
2025-06-20 15:09:33,966 [WARN] PackLoader:240 - Cannot read IP mode file for ITTIA_DB.I-CUBE-ITTIADB.8.9.0
2025-06-20 15:09:33,978 [WARN] PackLoader:240 - Cannot read IP mode file for STMicroelectronics.X-CUBE-ST67W61.1.0.0
2025-06-20 15:09:34,022 [WARN] PackLoader:240 - Cannot read IP mode file for SEGGER.I-CUBE-embOS.1.3.1
2025-06-20 15:09:34,076 [WARN] PackLoader:240 - Cannot read IP mode file for STMicroelectronics.X-CUBE-ALGOBUILD.1.4.0
2025-06-20 15:09:34,167 [WARN] PackLoader:240 - Cannot read IP mode file for STMicroelectronics.X-CUBE-MEMS1.11.3.0
2025-06-20 15:09:34,428 [WARN] PackLoader:240 - Cannot read IP mode file for STMicroelectronics.X-CUBE-AZRTOS-F4.1.1.0
2025-06-20 15:09:34,437 [WARN] PackLoader:240 - Cannot read IP mode file for Avnet-IotConnect.X-CUBE-IoTC-DA16k-PMOD.1.0.0
2025-06-20 15:09:34,444 [WARN] PackLoader:240 - Cannot read IP mode file for STMicroelectronics.X-CUBE-ISPU.2.1.0
2025-06-20 15:09:34,452 [INFO] WebApp:463 - Apply proxy settings
2025-06-20 15:09:34,453 [INFO] WebApp:548 - Chromium requires no authentication
2025-06-20 15:09:34,465 [WARN] PackLoader:240 - Cannot read IP mode file for STMicroelectronics.X-CUBE-AZRTOS-L5.2.0.0
2025-06-20 15:09:34,466 [INFO] WebApp:491 - Direct internet connection detected
2025-06-20 15:09:34,478 [WARN] PackLoader:240 - Cannot read IP mode file for STMicroelectronics.X-CUBE-NFC6.3.1.0
2025-06-20 15:09:34,484 [WARN] PackLoader:240 - Cannot read IP mode file for STMicroelectronics.X-CUBE-DPower.1.2.0
2025-06-20 15:09:34,489 [WARN] PackLoader:240 - Cannot read IP mode file for STMicroelectronics.X-CUBE-FREERTOS.1.3.1
2025-06-20 15:09:34,493 [WARN] PackLoader:240 - Cannot read IP mode file for STMicroelectronics.X-CUBE-FREERTOS.1.3.0
2025-06-20 15:09:34,498 [WARN] PackLoader:240 - Cannot read IP mode file for STMicroelectronics.X-CUBE-NFC7.1.0.1
2025-06-20 15:09:34,499 [INFO] WebApp:894 - Register for checkConnection events
2025-06-20 15:09:34,499 [INFO] WebApp:463 - Apply proxy settings
2025-06-20 15:09:34,499 [INFO] WebApp:548 - Chromium requires no authentication
2025-06-20 15:09:34,500 [INFO] WebApp:491 - Direct internet connection detected
2025-06-20 15:09:34,503 [WARN] PackLoader:240 - Cannot read IP mode file for STMicroelectronics.X-CUBE-DPower.1.3.0
2025-06-20 15:09:34,527 [WARN] ConditionMgr:438 - getConditionDescription Invalid condition id : LAN8742 Phy interface Condition cause : null
2025-06-20 15:09:34,528 [WARN] PackLoader:240 - Cannot read IP mode file for STMicroelectronics.X-CUBE-AZRTOS-L4.2.0.0
2025-06-20 15:09:34,530 [WARN] ConditionMgr:1044 - genDependencies : Invalid condition id : LAN8742 Phy interface Condition cause : null
2025-06-20 15:09:34,530 [WARN] ConditionMgr:1044 - genDependencies : Invalid condition id : LAN8742 Phy interface Condition cause : null
2025-06-20 15:09:34,531 [WARN] ConditionMgr:1044 - genDependencies : Invalid condition id : LAN8742 Phy interface Condition cause : null
2025-06-20 15:09:34,541 [WARN] PackLoader:240 - Cannot read IP mode file for STMicroelectronics.X-CUBE-SFXS2LP1.4.0.0
2025-06-20 15:09:34,565 [WARN] PackLoader:240 - Cannot read IP mode file for STMicroelectronics.X-CUBE-AZRTOS-H7.3.3.0
2025-06-20 15:09:34,587 [WARN] ConditionMgr:438 - getConditionDescription Invalid condition id : UX DEVICE CLASS RTOS Condition cause : null
2025-06-20 15:09:34,588 [WARN] ConditionMgr:438 - getConditionDescription Invalid condition id : UX DEVICE CLASS RTOS Condition cause : null
2025-06-20 15:09:34,591 [WARN] PackLoader:240 - Cannot read IP mode file for STMicroelectronics.X-CUBE-AZRTOS-WB.2.0.0
2025-06-20 15:09:34,592 [WARN] ConditionMgr:1044 - genDependencies : Invalid condition id : UX DEVICE CLASS RTOS Condition cause : null
2025-06-20 15:09:34,592 [WARN] ConditionMgr:1044 - genDependencies : Invalid condition id : UX DEVICE CLASS RTOS Condition cause : null
2025-06-20 15:09:34,593 [WARN] ConditionMgr:1044 - genDependencies : Invalid condition id : UX DEVICE CLASS RTOS Condition cause : null
2025-06-20 15:09:34,593 [WARN] ConditionMgr:1044 - genDependencies : Invalid condition id : UX DEVICE CLASS RTOS Condition cause : null
2025-06-20 15:09:34,593 [WARN] ConditionMgr:1044 - genDependencies : Invalid condition id : UX DEVICE CLASS RTOS Condition cause : null
2025-06-20 15:09:34,600 [WARN] PackLoader:240 - Cannot read IP mode file for STMicroelectronics.X-CUBE-GNSS1.7.0.1
2025-06-20 15:09:34,608 [WARN] PackLoader:240 - Cannot read IP mode file for STMicroelectronics.X-CUBE-TOUCHGFX.4.25.0
2025-06-20 15:09:34,617 [WARN] PackLoader:240 - Cannot read IP mode file for STMicroelectronics.FP-SNS-STBOX1.2.0.0
2025-06-20 15:09:34,635 [WARN] PackLoader:240 - Cannot read IP mode file for STMicroelectronics.X-CUBE-SUBG2.5.0.0
2025-06-20 15:09:34,672 [WARN] PackLoader:240 - Cannot read IP mode file for STMicroelectronics.X-CUBE-AZRTOS-H7RS.1.1.0
2025-06-20 15:09:34,679 [WARN] PackLoader:240 - Cannot read IP mode file for Cesanta.I-CUBE-Mongoose.7.13.0
2025-06-20 15:09:34,695 [WARN] PackLoader:240 - Cannot read IP mode file for STMicroelectronics.X-CUBE-AZRTOS-G4.2.0.0
2025-06-20 15:09:34,700 [WARN] PackLoader:240 - Cannot read IP mode file for STMicroelectronics.X-CUBE-NFC7.2.0.0
2025-06-20 15:09:34,715 [WARN] PackLoader:240 - Cannot read IP mode file for STMicroelectronics.X-CUBE-IPS.3.1.0
2025-06-20 15:09:34,728 [WARN] PackLoader:240 - Cannot read IP mode file for STMicroelectronics.X-CUBE-ALS.1.0.2
2025-06-20 15:09:34,735 [WARN] PackLoader:240 - Cannot read IP mode file for STMicroelectronics.X-CUBE-TOUCHGFX.4.24.2
2025-06-20 15:09:34,741 [WARN] PackLoader:240 - Cannot read IP mode file for wolfSSL.I-CUBE-wolfTPM.3.4.0
2025-06-20 15:09:34,750 [WARN] PackLoader:240 - Cannot read IP mode file for portGmbH.I-Cube-SoM-uGOAL.1.1.0
2025-06-20 15:09:34,778 [WARN] PackLoader:240 - Cannot read IP mode file for STMicroelectronics.X-CUBE-AZRTOS-H7RS.1.0.0
2025-06-20 15:09:34,778 [INFO] WebApp:191 - Connection restablished
2025-06-20 15:09:34,800 [WARN] PackLoader:240 - Cannot read IP mode file for STMicroelectronics.X-CUBE-TOF1.3.4.2
2025-06-20 15:09:34,826 [WARN] PackLoader:240 - Cannot read IP mode file for STMicroelectronics.X-CUBE-TOF1.3.4.3
2025-06-20 15:09:34,851 [WARN] PackLoader:240 - Cannot read IP mode file for wolfSSL.I-CUBE-wolfSSH.1.4.17
2025-06-20 15:09:34,854 [INFO] ThirdParty:978 - Integrity check success = true
2025-06-20 15:09:34,854 [INFO] IntegrityCheckThread:100 - exiting critical section [integrity check]
2025-06-20 15:09:34,854 [INFO] IntegrityCheckThread:103 - End integrity checks thread
2025-06-20 15:09:34,855 [INFO] WebApp:225 - Starting web application
2025-06-20 15:09:34,855 [INFO] WebApp:593 - Web application path used C:\ST\STM32CubeIDE_1.17.0\STM32CubeIDE\plugins\com.st.stm32cube.common.mx_6.14.0.202502271554\db\plugins\mcufinder\reactClient1\index.html
2025-06-20 15:09:35,018 [INFO] UserAuth:486 - Internet connection configuration mode: 1
2025-06-20 15:19:47,677 [INFO] McuFinderGlobals:63 - Set McuFinder mode to 2 (CubeIDE integrated)
2025-06-20 15:19:47,683 [INFO] MainUpdater:2872 - connection check result : 10
2025-06-20 15:19:47,684 [INFO] MainUpdater:2872 - connection check result : 10
2025-06-20 15:19:47,737 [INFO] MicroXplorer:468 - Change Database Path : 
2025-06-20 15:19:47,737 [INFO] MicroXplorer:498 - Change Database Version : DB.6.0.140
2025-06-20 15:19:47,749 [WARN] ThirdParty:871 - waiting for thirdparty lock release [close project]
2025-06-20 15:19:47,749 [INFO] ThirdParty:873 - entering critical section [close project]
2025-06-20 15:19:47,758 [INFO] ThirdParty:883 - exiting critical section [close project]
2025-06-20 15:19:47,764 [INFO] PinOutPanel:1589 - setPackage(No Configuration,No Configuration)
2025-06-20 15:19:47,777 [INFO] UtilMem:75 - Begin LoadConfig() Used Memory: 678006112 Bytes (1073741824)
2025-06-20 15:19:47,779 [INFO] MicroXplorer:468 - Change Database Path : 
2025-06-20 15:19:47,779 [INFO] MicroXplorer:498 - Change Database Version : DB.6.0.140
2025-06-20 15:19:47,779 [INFO] OpenFileManager:354 - Change cursor
2025-06-20 15:19:47,889 [INFO] Mcu:2011 - Initializing MCU STM32F756ZGTx STM32F756ZGTx STM32F756ZGT6
2025-06-20 15:19:51,074 [INFO] Context:756 - Trying to add GPIOservice into a context  which must be forbidden
2025-06-20 15:19:52,065 [INFO] ImportTextPane:218 - (OptionalMessage_ERROR) Pin27 (VP_RIF_VS_RIF1) cannot be retrieved for this MCU
2025-06-20 15:19:52,322 [INFO] RtosManager:558 - Registered RTOS mode: class=CMSIS, group=RTOS, mode=CMSIS_V1, owner=FREERTOS
2025-06-20 15:19:52,322 [INFO] RtosManager:558 - Registered RTOS mode: class=CMSIS, group=RTOS2, mode=CMSIS_V2, owner=FREERTOS
2025-06-20 15:19:52,323 [INFO] RtosManager:558 - Registered RTOS mode: class=RTOS, group=Core, mode=CMSIS_V1, owner=FREERTOS
2025-06-20 15:19:52,323 [INFO] RtosManager:558 - Registered RTOS mode: class=RTOS, group=Core, mode=CMSIS_V2, owner=FREERTOS
2025-06-20 15:19:52,323 [WARN] ModelIntegratedComponent:184 - Missing modes for component STMicroelectronics:FreeRTOS:0.0.1:STMicroelectronics:RTOS:FreeRTOS:Core:::10.2.0:
2025-06-20 15:19:52,349 [WARN] ModelIntegratedComponent:63 - No mode defined for component null
2025-06-20 15:19:52,349 [WARN] ModelIntegratedComponent:63 - No mode defined for component null
2025-06-20 15:19:52,349 [WARN] ModelIntegratedComponent:63 - No mode defined for component null
2025-06-20 15:19:52,349 [WARN] ModelIntegratedComponent:63 - No mode defined for component null
2025-06-20 15:19:52,349 [WARN] ModelIntegratedComponent:63 - No mode defined for component null
2025-06-20 15:19:52,349 [WARN] ModelIntegratedComponent:63 - No mode defined for component null
2025-06-20 15:19:52,349 [WARN] ModelIntegratedComponent:63 - No mode defined for component null
2025-06-20 15:19:52,349 [WARN] ModelIntegratedComponent:63 - No mode defined for component null
2025-06-20 15:19:52,349 [WARN] ModelIntegratedComponent:63 - No mode defined for component null
2025-06-20 15:19:52,349 [WARN] ModelIntegratedComponent:63 - No mode defined for component null
2025-06-20 15:19:52,349 [WARN] ModelIntegratedComponent:63 - No mode defined for component null
2025-06-20 15:19:52,349 [WARN] ModelIntegratedComponent:63 - No mode defined for component null
2025-06-20 15:19:52,349 [WARN] ModelIntegratedComponent:63 - No mode defined for component null
2025-06-20 15:19:52,349 [WARN] ModelIntegratedComponent:63 - No mode defined for component null
2025-06-20 15:19:52,349 [WARN] ModelIntegratedComponent:63 - No mode defined for component null
2025-06-20 15:19:52,349 [WARN] ModelIntegratedComponent:63 - No mode defined for component null
2025-06-20 15:19:52,350 [WARN] ModelIntegratedComponent:63 - No mode defined for component null
2025-06-20 15:19:52,350 [WARN] ModelIntegratedComponent:63 - No mode defined for component null
2025-06-20 15:19:52,350 [WARN] ModelIntegratedComponent:63 - No mode defined for component null
2025-06-20 15:19:52,350 [WARN] ModelIntegratedComponent:63 - No mode defined for component null
2025-06-20 15:19:52,350 [WARN] ModelIntegratedComponent:63 - No mode defined for component null
2025-06-20 15:19:52,350 [WARN] ModelIntegratedComponent:63 - No mode defined for component null
2025-06-20 15:19:52,350 [WARN] ModelIntegratedComponent:63 - No mode defined for component null
2025-06-20 15:19:52,350 [WARN] ModelIntegratedComponent:63 - No mode defined for component null
2025-06-20 15:19:52,350 [WARN] ModelIntegratedComponent:63 - No mode defined for component null
2025-06-20 15:19:52,350 [WARN] ModelIntegratedComponent:63 - No mode defined for component null
2025-06-20 15:19:52,350 [WARN] ModelIntegratedComponent:63 - No mode defined for component null
2025-06-20 15:19:52,351 [WARN] ModelIntegratedComponent:63 - No mode defined for component null
2025-06-20 15:19:52,351 [WARN] ModelIntegratedComponent:63 - No mode defined for component null
2025-06-20 15:19:52,351 [WARN] ModelIntegratedComponent:63 - No mode defined for component null
2025-06-20 15:19:52,351 [WARN] ModelIntegratedComponent:63 - No mode defined for component null
2025-06-20 15:19:52,351 [WARN] ModelIntegratedComponent:63 - No mode defined for component null
2025-06-20 15:19:52,351 [WARN] ModelIntegratedComponent:63 - No mode defined for component null
2025-06-20 15:19:52,351 [WARN] ModelIntegratedComponent:63 - No mode defined for component null
2025-06-20 15:19:52,352 [WARN] ModelIntegratedComponent:63 - No mode defined for component null
2025-06-20 15:19:52,352 [WARN] ModelPack:524 - Component already loaded: STMicroelectronics:HAL Drivers:0.0.0:STMicroelectronics:Device:STMicro_Driver:XSPI:HAL::0.0.1:HAL_XSPI
2025-06-20 15:19:52,554 [INFO] ThirdPartyModel:298 - Start build external matchings
2025-06-20 15:19:53,599 [INFO] ThirdPartyModel:316 - End build external matchings
2025-06-20 15:19:53,627 [INFO] RtosManager:967 - Current active RTOS is FREERTOS [Cortex-M7NS]
2025-06-20 15:19:53,674 [INFO] ImportTextPane:218 - (OptionalMessage_ERROR) IP (RCC) : Invalid parameter (FamilyName)
2025-06-20 15:19:53,675 [INFO] ImportTextPane:218 - (OptionalMessage_ERROR) IP (RCC) : Parameter (LCDTFToutputFreq_Value) has invalid value (48000000)
2025-06-20 15:19:53,675 [INFO] ImportTextPane:218 - (OptionalMessage_ERROR) IP (RCC) : Parameter (RNGFreq_Value) has invalid value (72000000)
2025-06-20 15:19:53,676 [INFO] ImportTextPane:218 - (OptionalMessage_ERROR) IP (RCC) : Parameter (SDMMCFreq_Value) has invalid value (72000000)
2025-06-20 15:19:53,676 [INFO] ImportTextPane:218 - (OptionalMessage_ERROR) IP (RCC) : Parameter (USBFreq_Value) has invalid value (72000000)
2025-06-20 15:19:54,382 [INFO] ApiDb:581 - Connected to CubeFinder SQLite database (C:\Users\ashen\.stmcufinder\plugins\mcufinder\mcu\cube-finder-db.db)
2025-06-20 15:19:54,477 [INFO] ApiDb:668 - CubeFinder database Data Model version=2.1
2025-06-20 15:19:54,477 [INFO] ApiDb:669 - CubeFinder database Configuration version=3.0.39
2025-06-20 15:19:54,478 [INFO] ApiDb:670 - CubeFinder database generation date=2025-04-23 (1745419778)
2025-06-20 15:19:54,478 [INFO] ApiDb:671 - CubeFinder database FW Pack versions=[FP-ATR-ASTRA1_V2.0.0, FP-SNS-FLIGHT1_V5.1.0, FP-SNS-MOTENV1_V5.0.0, FP-SNS-MOTENVWB1_V1.4.0, FP-SNS-SMARTAG2_V1.2.0, FP-SNS-STBOX1_V2.0.0, STM32Cube_FW_C0_V1.4.0, STM32Cube_FW_F4_V1.28.1, STM32Cube_FW_F7_V1.17.2, STM32Cube_FW_G0_V1.6.2, STM32Cube_FW_G4_V1.6.1, STM32Cube_FW_H5_V1.5.0, STM32Cube_FW_H7RS_V1.2.0, STM32Cube_FW_H7_V1.12.1, STM32Cube_FW_L0_V1.12.2, STM32Cube_FW_L4_V1.18.1, STM32Cube_FW_L5_V1.5.1, STM32Cube_FW_N6_V1.1.1, STM32Cube_FW_U0_V1.2.0, STM32Cube_FW_U3_V1.1.0, STM32Cube_FW_U5_V1.7.0, STM32Cube_FW_WB0_V1.2.0, STM32Cube_FW_WBA_V1.6.0, STM32Cube_FW_WB_V1.22.0, STM32Cube_FW_WL3_V1.1.0, STM32Cube_FW_WL_V1.3.1, X-CUBE-ALGOBUILD_V1.4.0, X-CUBE-ALS_V1.0.2, X-CUBE-AZRTOS-F4_V1.1.0, X-CUBE-AZRTOS-F7_V1.1.0, X-CUBE-AZRTOS-G0_V1.1.0, X-CUBE-AZRTOS-G4_V2.0.0, X-CUBE-AZRTOS-H7RS_V1.1.0, X-CUBE-AZRTOS-H7_V3.3.0, X-CUBE-AZRTOS-L4_V2.0.0, X-CUBE-AZRTOS-L5_V2.0.0, X-CUBE-AZRTOS-WB_V2.0.0, X-CUBE-AZRTOS-WL_V2.0.0, X-CUBE-BLE1_V7.1.0, X-CUBE-BLE2_V3.3.0, X-CUBE-BLEMGR_V4.0.0, X-CUBE-EEPRMA1_V5.1.0, X-CUBE-FREERTOS_V1.3.0, X-CUBE-GNSS1_V6.0.0, X-CUBE-MEMS1_V11.2.0, X-CUBE-NFC4_V3.0.0, X-CUBE-NFC7_V1.0.1, X-CUBE-SFXS2LP1_V4.0.0, X-CUBE-SUBG2_V5.0.0, X-CUBE-TOF1_V3.4.3]
2025-06-20 15:19:54,595 [INFO] DbBoardsSqlite:226 - include board P-NUCLEO-WB55-NUCLEO as a kit item of type 'Nucleo-64'
2025-06-20 15:19:54,595 [INFO] DbBoardsSqlite:226 - include board P-NUCLEO-WB55-USBDONGLE as a kit item of type 'Nucleo USB Dongle'
2025-06-20 15:19:54,597 [INFO] DbBoardsSqlite:226 - include board STEVAL-IDP005V1 as a kit item of type 'Evaluation Board'
2025-06-20 15:19:54,597 [INFO] DbBoardsSqlite:226 - include board STEVAL-IDP005V2 as a kit item of type 'Evaluation Board'
2025-06-20 15:19:55,022 [INFO] ApiDb:240 - Found 895 in-development CPN: [B-G473E-ZEST1S, B-WB1M-WPAN1, B-WBA5M-WPAN, B-WL5M-SUBG1, NUCLEO-C031C6, NUCLEO-C051C8, NUCLEO-C071RB, NUCLEO-C092RC, NUCLEO-H503RB, NUCLEO-H533RE, NUCLEO-H563ZI, NUCLEO-H7S3L8, NUCLEO-N657X0-Q, NUCLEO-U031R8, NUCLEO-U083RC, NUCLEO-U385RG-Q, NUCLEO-U545RE-Q, NUCLEO-U5A5ZJ-Q, NUCLEO-WB05KZ, NUCLEO-WB07CC, NUCLEO-WB09KE, NUCLEO-WBA52CG, NUCLEO-WBA55CG, NUCLEO-WBA65RI, NUCLEO-WL33CC1, NUCLEO-WL33CC2, STEVAL-PROTEUS1, STEVAL-SMARTAG2, STEVAL-STWINBX1, STM320518-EVAL, STM32C0116-DK, STM32C011D6Y3TR, STM32C011D6Y6TR, STM32C011F4P3, STM32C011F4P6, STM32C011F4U3, STM32C011F4U6TR, STM32C011F6P3, STM32C011F6P6, STM32C011F6U3, STM32C011F6U6TR, STM32C011J4M3, STM32C011J4M6, STM32C011J6M3, STM32C011J6M6, STM32C0316-DK, STM32C031C4T3, STM32C031C4T6, STM32C031C4U3, STM32C031C4U6, STM32C031C6T3, STM32C031C6T6, STM32C031C6U3, STM32C031C6U6, STM32C031F4P3, STM32C031F4P6, STM32C031F6P3, STM32C031F6P6, STM32C031G4U3, STM32C031G4U6, STM32C031G6U3, STM32C031G6U6, STM32C031K4T3, STM32C031K4T6, STM32C031K4U3, STM32C031K4U6, STM32C031K6T3, STM32C031K6T6, STM32C031K6U3, STM32C031K6U6, STM32C051C6T6, STM32C051C6U6, STM32C051C8T6, STM32C051C8U6, STM32C051D8Y6TR, STM32C051F6P6, STM32C051F8P6, STM32C051G6U6, STM32C051G8U6, STM32C051K6T6, STM32C051K6U6, STM32C051K8T6, STM32C071C8T6, STM32C071C8T6N, STM32C071C8U6, STM32C071C8U6N, STM32C071CBT6, STM32C071CBT6N, STM32C071CBU6, STM32C071CBU6N, STM32C071F8P6, STM32C071F8P6N, STM32C071FBP6, STM32C071FBP6N, STM32C071FBY6TR, STM32C071G8U6, STM32C071G8U6N, STM32C071GBU6, STM32C071GBU6N, STM32C071K8T6, STM32C071K8T6N, STM32C071K8U6, STM32C071K8U6N, STM32C071KBT6, STM32C071KBT6N, STM32C071KBU6, STM32C071KBU6N, STM32C071R8T6, STM32C071R8T6N, STM32C071RBI6N, STM32C071RBT6, STM32C071RBT6N, STM32C091CBT6, STM32C091CBU6, STM32C091CCT6, STM32C091CCU6, STM32C091ECY6TR, STM32C091FBP6, STM32C091FCP6, STM32C091GBU6, STM32C091GCU6, STM32C091KBT6, STM32C091KBU6, STM32C091KCT6, STM32C091KCU6, STM32C091RBT6, STM32C091RCI6, STM32C091RCT6, STM32C092CBT6, STM32C092CBU6, STM32C092CCT6, STM32C092CCU6, STM32C092ECY6TR, STM32C092FBP6, STM32C092FCP6, STM32C092GBU6, STM32C092GCU6, STM32C092KBT6, STM32C092KBU6, STM32C092KCT6, STM32C092KCU6, STM32C092RBT6, STM32C092RCI6, STM32C092RCT6, STM32G071K8TXN, STM32G071K8UXN, STM32G081GBU6N, STM32G081KBT6N, STM32G081KBUXN, STM32G0B1CCT6N, STM32G0B1KCT6, STM32G0B1NEY6TR, STM32G0B1RCT6N, STM32G0C1CCT6, STM32G0C1CCT6N, STM32G0C1CCU6N, STM32G0C1CET6N, STM32G0C1CEU6N, STM32G0C1KCT6, STM32G0C1NEY6TR, STM32G0C1RCI6N, STM32G0C1RCT6N, STM32G0C1REI6N, STM32G0C1RET6N, STM32G0C1VCI6, STM32G0C1VEI6, STM32G411C6T3, STM32G411C6T6, STM32G411C6U3, STM32G411C6U6, STM32G411C8T3, STM32G411C8T6, STM32G411C8U3, STM32G411C8U6, STM32G411CBT3, STM32G411CBT6, STM32G411CBU3, STM32G411CBU6, STM32G411CCT3, STM32G411CCT6, STM32G411CCU3, STM32G411CCU6, STM32G411K6T3, STM32G411K6T6, STM32G411K6U3, STM32G411K6U6, STM32G411K8T3, STM32G411K8T6, STM32G411K8U3, STM32G411K8U6, STM32G411KBT3, STM32G411KBT6, STM32G411KBU3, STM32G411KBU6, STM32G411M6T3, STM32G411M6T6, STM32G411M8T3, STM32G411M8T6, STM32G411MBT3, STM32G411MBT6, STM32G411MCT3, STM32G411MCT6, STM32G411R6T3, STM32G411R6T6, STM32G411R8T3, STM32G411R8T6, STM32G411RBT3, STM32G411RBT6, STM32G411RCT3, STM32G411RCT6, STM32G414CBT3, STM32G414CBT6, STM32G414CBU3, STM32G414CBU6, STM32G414CCT3, STM32G414CCT6, STM32G414CCU3, STM32G414CCU6, STM32G414MBT3, STM32G414MBT6, STM32G414MCT3, STM32G414MCT6, STM32G414RBT3, STM32G414RBT6, STM32G414RCT3, STM32G414RCT6, STM32G414VBT3, STM32G414VBT6, STM32G414VCT3, STM32G414VCT6, STM32G431CBT3Z, STM32G431RBT3Z, STM32G471CCT6, STM32G471CCU6, STM32G471CET3, STM32G471CET6, STM32G471CEU3, STM32G471CEU6, STM32G471MCT6, STM32G471MET3, STM32G471MET6, STM32G471MEY6TR, STM32G471QCT6, STM32G471QET3, STM32G471RCT6, STM32G471RET3, STM32G471RET6, STM32G471VCH6, STM32G471VCI6, STM32G471VCT6, STM32G471VEH3, STM32G471VEH6, STM32G471VEI3, STM32G471VEI6, STM32G471VET3, STM32G471VET6, STM32G473QET3Z, STM32G473RET3Z, STM32G474CCT6, STM32G491RET3Z, STM32H503CBT6, STM32H503CBU6, STM32H503EBY6TR, STM32H503KBU6, STM32H503RBT6, STM32H523CCT6, STM32H523CCU6, STM32H523CET6, STM32H523CEU6, STM32H523HEY6TR, STM32H523RCT6, STM32H523RET6, STM32H523VCI6, STM32H523VCT6, STM32H523VEI6, STM32H523VET6, STM32H523ZCJ6, STM32H523ZCT6, STM32H523ZEJ6, STM32H523ZET6, STM32H533CET6, STM32H533CEU6, STM32H533HEY6TR, STM32H533RET6, STM32H533VEI6, STM32H533VET6, STM32H533ZEJ6, STM32H533ZET6, STM32H562AGI6, STM32H562AII6, STM32H562IGK6, STM32H562IGT6, STM32H562IIK6, STM32H562IIT6, STM32H562RGT6, STM32H562RGV6, STM32H562RIT6, STM32H562RIV6, STM32H562VGT6, STM32H562VIT6, STM32H562ZGT6, STM32H562ZIT6, STM32H563AGI6, STM32H563AII3Q, STM32H563AII6, STM32H563IGK6, STM32H563IGT6, STM32H563IIK3Q, STM32H563IIK6, STM32H563IIT3Q, STM32H563IIT6, STM32H563MIY3QTR, STM32H563RGT6, STM32H563RGV6, STM32H563RIT6, STM32H563RIV6, STM32H563VGT6, STM32H563VIT3Q, STM32H563VIT6, STM32H563ZGT6, STM32H563ZIT3Q, STM32H563ZIT6, STM32H573AII3Q, STM32H573AII6, STM32H573I-DK, STM32H573IIK3Q, STM32H573IIK6, STM32H573IIT3Q, STM32H573IIT6, STM32H573MIY3QTR, STM32H573RIT6, STM32H573RIV6, STM32H573VIT3Q, STM32H573VIT6, STM32H573ZIT3Q, STM32H573ZIT6, STM32H7R3A8I6, STM32H7R3I8K6, STM32H7R3I8T6, STM32H7R3L8H6, STM32H7R3L8H6H, STM32H7R3R8V6, STM32H7R3V8H6, STM32H7R3V8T6, STM32H7R3V8Y6TR, STM32H7R3Z8J6, STM32H7R3Z8T6, STM32H7R7A8I6, STM32H7R7I8K6, STM32H7R7I8T6, STM32H7R7L8H6, STM32H7R7L8H6H, STM32H7R7Z8J6, STM32H7S3A8I6, STM32H7S3I8K6, STM32H7S3I8T6, STM32H7S3L8H6, STM32H7S3L8H6H, STM32H7S3R8V6, STM32H7S3V8H6, STM32H7S3V8T6, STM32H7S3V8Y6TR, STM32H7S3Z8J6, STM32H7S3Z8T6, STM32H7S78-DK, STM32H7S7A8I6, STM32H7S7I8K6, STM32H7S7I8T6, STM32H7S7L8H6, STM32H7S7L8H6H, STM32H7S7Z8J6, STM32L4R5QGI6STR, STM32MP131AAE3, STM32MP131AAF3, STM32MP131AAG3, STM32MP131CAE3, STM32MP131CAF3, STM32MP131CAG3, STM32MP131DAE7, STM32MP131DAF7, STM32MP131DAG7, STM32MP131FAE7, STM32MP131FAF7, STM32MP131FAG7, STM32MP133AAE3, STM32MP133AAF3, STM32MP133AAG3, STM32MP133CAE3, STM32MP133CAF3, STM32MP133CAG3, STM32MP133DAE7, STM32MP133DAF7, STM32MP133DAG7, STM32MP133FAE7, STM32MP133FAF7, STM32MP133FAG7, STM32MP135AAE3, STM32MP135AAF3, STM32MP135AAG3, STM32MP135CAE3, STM32MP135CAF3, STM32MP135CAG3, STM32MP135DAE7, STM32MP135DAF7, STM32MP135DAG7, STM32MP135F-DK, STM32MP135FAE7, STM32MP135FAF7, STM32MP135FAF7T, STM32MP135FAF7U, STM32MP135FAG7, STM32MP231AAJ3, STM32MP231AAK3, STM32MP231AAL3, STM32MP231CAJ3, STM32MP231CAK3, STM32MP231CAL3, STM32MP231DAJ3, STM32MP231DAK3, STM32MP231DAL3, STM32MP231FAJ3, STM32MP231FAK3, STM32MP231FAL3, STM32MP233AAJ3, STM32MP233AAK3, STM32MP233AAL3, STM32MP233CAJ3, STM32MP233CAK3, STM32MP233CAL3, STM32MP233DAJ3, STM32MP233DAK3, STM32MP233DAL3, STM32MP233FAJ3, STM32MP233FAK3, STM32MP233FAL3, STM32MP235AAJ3, STM32MP235AAK3, STM32MP235AAL3, STM32MP235CAJ3, STM32MP235CAK3, STM32MP235CAL3, STM32MP235DAJ3, STM32MP235DAK3, STM32MP235DAL3, STM32MP235FAJ3, STM32MP235FAK3, STM32MP235FAL3, STM32MP251AAI3, STM32MP251AAJ3, STM32MP251AAK3, STM32MP251AAL3, STM32MP251CAI3, STM32MP251CAJ3, STM32MP251CAK3, STM32MP251CAL3, STM32MP251DAI3, STM32MP251DAJ3, STM32MP251DAK3, STM32MP251DAL3, STM32MP251FAI3, STM32MP251FAJ3, STM32MP251FAK3, STM32MP251FAL3, STM32MP253AAI3, STM32MP253AAJ3, STM32MP253AAK3, STM32MP253AAL3, STM32MP253CAI3, STM32MP253CAJ3, STM32MP253CAK3, STM32MP253CAL3, STM32MP253DAI3, STM32MP253DAJ3, STM32MP253DAK3, STM32MP253DAL3, STM32MP253FAI3, STM32MP253FAJ3, STM32MP253FAK3, STM32MP253FAL3, STM32MP255AAI3, STM32MP255AAJ3, STM32MP255AAK3, STM32MP255AAL3, STM32MP255CAI3, STM32MP255CAJ3, STM32MP255CAK3, STM32MP255CAL3, STM32MP255DAI3, STM32MP255DAJ3, STM32MP255DAK3, STM32MP255DAL3, STM32MP255FAI3, STM32MP255FAJ3, STM32MP255FAK3, STM32MP255FAL3, STM32MP257AAI3, STM32MP257AAJ3, STM32MP257AAK3, STM32MP257AAL3, STM32MP257CAI3, STM32MP257CAJ3, STM32MP257CAK3, STM32MP257CAL3, STM32MP257DAI3, STM32MP257DAJ3, STM32MP257DAK3, STM32MP257DAL3, STM32MP257F-DK, STM32MP257F-EV1, STM32MP257FAI3, STM32MP257FAJ3, STM32MP257FAK3, STM32MP257FAL3, STM32N645A0H3Q, STM32N645B0H3Q, STM32N645I0H3Q, STM32N645L0H3Q, STM32N645X0H3Q, STM32N645Z0H3Q, STM32N647A0H3Q, STM32N647B0H3Q, STM32N647I0H3Q, STM32N647L0H3Q, STM32N647X0H3Q, STM32N647Z0H3Q, STM32N655A0H3Q, STM32N655B0H3Q, STM32N655I0H3Q, STM32N655L0H3Q, STM32N655X0H3Q, STM32N655Z0H3Q, STM32N6570-DK, STM32N657A0H3Q, STM32N657B0H3Q, STM32N657I0H3Q, STM32N657L0H3Q, STM32N657X0H3Q, STM32N657Z0H3Q, STM32U031C6T6, STM32U031C6U6, STM32U031C8T6, STM32U031C8U6, STM32U031F4P6, STM32U031F6P6, STM32U031F8P6, STM32U031G6Y6TR, STM32U031G8Y6TR, STM32U031K4U6, STM32U031K6U6, STM32U031K8U6, STM32U031R6I6, STM32U031R6T6, STM32U031R8I6, STM32U031R8T6, STM32U073C8T6, STM32U073C8U6, STM32U073CBT6, STM32U073CBU6, STM32U073CCT6, STM32U073CCU6, STM32U073H8Y6TR, STM32U073HBY6TR, STM32U073HCY6TR, STM32U073K8U6, STM32U073KBU6, STM32U073KCU6, STM32U073M8I6, STM32U073M8T6, STM32U073MBI6, STM32U073MBT6, STM32U073MCI6, STM32U073MCT6, STM32U073R8I6, STM32U073R8T6, STM32U073RBI6, STM32U073RBT6, STM32U073RCI6, STM32U073RCT6, STM32U083C-DK, STM32U083CCT6, STM32U083CCU6, STM32U083HCY6TR, STM32U083KCU6, STM32U083MCI6, STM32U083MCT6, STM32U083RCI6, STM32U083RCT6, STM32U375CET6, STM32U375CET6Q, STM32U375CEU6, STM32U375CEU6Q, STM32U375CEY6QTR, STM32U375CGT6, STM32U375CGT6Q, STM32U375CGU6, STM32U375CGU6Q, STM32U375CGY6QTR, STM32U375KEU6, STM32U375KGU6, STM32U375REI6, STM32U375REI6Q, STM32U375RET6, STM32U375RET6Q, STM32U375REY6GTR, STM32U375REY6QTR, STM32U375RGI6, STM32U375RGI6Q, STM32U375RGT6, STM32U375RGT6Q, STM32U375RGY6GTR, STM32U375RGY6QTR, STM32U375VEI6, STM32U375VEI6Q, STM32U375VET6, STM32U375VET6Q, STM32U375VGI6, STM32U375VGI6Q, STM32U375VGT6, STM32U375VGT6Q, STM32U385CGT6, STM32U385CGT6Q, STM32U385CGU6, STM32U385CGU6Q, STM32U385CGY6QTR, STM32U385KGU6, STM32U385RGI6, STM32U385RGI6Q, STM32U385RGT6, STM32U385RGT6Q, STM32U385RGY6GTR, STM32U385RGY6QTR, STM32U385VGI6, STM32U385VGI6Q, STM32U385VGT6, STM32U385VGT6Q, STM32U535CBT6, STM32U535CBT6Q, STM32U535CBU6, STM32U535CBU6Q, STM32U535CCT6, STM32U535CCT6Q, STM32U535CCU6, STM32U535CCU6Q, STM32U535CET6, STM32U535CET6Q, STM32U535CEU6, STM32U535CEU6Q, STM32U535JEY6QTR, STM32U535NCY6QTR, STM32U535NEY6QTR, STM32U535RBI6, STM32U535RBI6Q, STM32U535RBT6, STM32U535RBT6Q, STM32U535RCI6, STM32U535RCI6Q, STM32U535RCT6, STM32U535RCT6Q, STM32U535REI6, STM32U535REI6Q, STM32U535RET6, STM32U535RET6Q, STM32U535VCI6, STM32U535VCI6Q, STM32U535VCT6, STM32U535VCT6Q, STM32U535VEI6, STM32U535VEI6Q, STM32U535VET6, STM32U535VET6Q, STM32U545CET6, STM32U545CET6Q, STM32U545CEU6, STM32U545CEU6Q, STM32U545JEY6QTR, STM32U545NEY6QTR, STM32U545REI6, STM32U545REI6Q, STM32U545RET6, STM32U545RET6Q, STM32U545VEI6, STM32U545VEI6Q, STM32U545VET6, STM32U545VET6Q, STM32U595AIH6, STM32U595AIH6Q, STM32U595AJH6, STM32U595AJH6Q, STM32U595QII6, STM32U595QII6Q, STM32U595QJI6, STM32U595QJI6Q, STM32U595RIT6, STM32U595RIT6Q, STM32U595RJT6, STM32U595RJT6Q, STM32U595VIT6, STM32U595VIT6Q, STM32U595VJT6, STM32U595VJT6Q, STM32U595ZIT6, STM32U595ZIT6Q, STM32U595ZIY6QTR, STM32U595ZJT6, STM32U595ZJT6Q, STM32U595ZJY6QTR, STM32U599BJY6QTR, STM32U599NIH6Q, STM32U599NJH6Q, STM32U599VIT6Q, STM32U599VJT6, STM32U599VJT6Q, STM32U599ZIT6Q, STM32U599ZIY6QTR, STM32U599ZJT6Q, STM32U599ZJY6QTR, STM32U5A5AJH6, STM32U5A5AJH6Q, STM32U5A5QII3Q , STM32U5A5QJI6, STM32U5A5QJI6Q, STM32U5A5RJT6, STM32U5A5RJT6Q, STM32U5A5VJT6, STM32U5A5VJT6Q, STM32U5A5ZJT6, STM32U5A5ZJT6Q, STM32U5A5ZJY6QTR, STM32U5A9BJY6QTR, STM32U5A9J-DK, STM32U5A9NJH6Q, STM32U5A9VJT6Q, STM32U5A9ZJT6Q, STM32U5A9ZJY6QTR, STM32U5F7VIT6, STM32U5F7VIT6Q, STM32U5F7VJT6, STM32U5F7VJT6Q, STM32U5F9BJY6QTR, STM32U5F9NJH6Q, STM32U5F9VIT6Q, STM32U5F9VJT6Q, STM32U5F9ZIJ6QTR, STM32U5F9ZIT6Q, STM32U5F9ZJJ6QTR, STM32U5F9ZJT6Q, STM32U5G7VJT6, STM32U5G7VJT6Q, STM32U5G9BJY6QTR, STM32U5G9J-DK1, STM32U5G9J-DK2, STM32U5G9NJH6Q, STM32U5G9VJT6Q, STM32U5G9ZJJ6QTR, STM32U5G9ZJT6Q, STM32WB05KZV6TR, STM32WB05KZV7TR, STM32WB05TZF6TR, STM32WB05TZF7TR, STM32WB06CCF6TR, STM32WB06CCF7TR, STM32WB06CCV6TR, STM32WB06CCV7TR, STM32WB06KCV6TR, STM32WB06KCV7TR, STM32WB07CCF6TR, STM32WB07CCF7TR, STM32WB07CCV6TR, STM32WB07CCV7TR, STM32WB07KCV6TR, STM32WB07KCV7TR, STM32WB09KEV6TR, STM32WB09KEV7TR, STM32WB09TEF6TR, STM32WB09TEF7TR, STM32WB1MMCH6, STM32WBA50KGU6, STM32WBA50KGU6TR, STM32WBA52CEU6, STM32WBA52CEU6TR, STM32WBA52CEU7, STM32WBA52CEU7TR, STM32WBA52CGU6, STM32WBA52CGU6TR, STM32WBA52CGU6U, STM32WBA52CGU7, STM32WBA52CGU7TR, STM32WBA52KEU6, STM32WBA52KEU6TR, STM32WBA52KGU6, STM32WBA52KGU6TR, STM32WBA54CEU6, STM32WBA54CEU6TR, STM32WBA54CEU7, STM32WBA54CEU7TR, STM32WBA54CGU6, STM32WBA54CGU6TR, STM32WBA54CGU7, STM32WBA54CGU7TR, STM32WBA54KEU6, STM32WBA54KEU6TR, STM32WBA54KEU7, STM32WBA54KEU7TR, STM32WBA54KGU6, STM32WBA54KGU6TR, STM32WBA54KGU7, STM32WBA54KGU7TR, STM32WBA55CEU6, STM32WBA55CEU6TR, STM32WBA55CEU7, STM32WBA55CEU7TR, STM32WBA55CGU6, STM32WBA55CGU6TR, STM32WBA55CGU6U, STM32WBA55CGU7, STM32WBA55CGU7TR, STM32WBA55G-DK1, STM32WBA55HEF6, STM32WBA55HEF7, STM32WBA55HGF6, STM32WBA55HGF7, STM32WBA55UEI6, STM32WBA55UEI6TR, STM32WBA55UEI7, STM32WBA55UEI7TR, STM32WBA55UGI6, STM32WBA55UGI6TR, STM32WBA55UGI7, STM32WBA55UGI7TR, STM32WBA5MJGH6TR, STM32WBA62CGU6, STM32WBA62CIU6, STM32WBA62MGF6, STM32WBA62MIF6, STM32WBA62PGI6, STM32WBA62PII6, STM32WBA63CGU6, STM32WBA63CGU7, STM32WBA63CIU6, STM32WBA63CIU7, STM32WBA64CGU6, STM32WBA64CGU7, STM32WBA64CIU6, STM32WBA64CIU7, STM32WBA65CGU6, STM32WBA65CGU7, STM32WBA65CIU6, STM32WBA65CIU7, STM32WBA65I-DK1, STM32WBA65MGF6, STM32WBA65MGF7, STM32WBA65MIF6, STM32WBA65MIF7, STM32WBA65PGI6, STM32WBA65PGI7, STM32WBA65PII6, STM32WBA65PII7, STM32WBA65RGV6, STM32WBA65RGV7, STM32WBA65RIV6, STM32WBA65RIV7, STM32WL30K8V6, STM32WL30KBV6, STM32WL31C8V6, STM32WL31CBV6, STM32WL31K8V6, STM32WL31KBV6, STM32WL33C8V6, STM32WL33C8V6TR, STM32WL33C8V7, STM32WL33C8V7TR, STM32WL33CBV6, STM32WL33CBV6TR, STM32WL33CBV7, STM32WL33CBV7TR, STM32WL33CCV6, STM32WL33CCV6TR, STM32WL33CCV7, STM32WL33CCV7A, STM32WL33CCV7ATR, STM32WL33CCV7TR, STM32WL33K8V6, STM32WL33K8V6TR, STM32WL33K8V7, STM32WL33K8V7TR, STM32WL33KBV6, STM32WL33KBV6TR, STM32WL33KBV7, STM32WL33KBV7TR, STM32WL33KCV6, STM32WL33KCV6TR, STM32WL33KCV7, STM32WL33KCV7TR, STM32WL5MOCH6, STM32WL5MOCH6TR]
2025-06-20 15:19:55,299 [INFO] BoardInfo:889 - No configuration file found for board P-NUCLEO-WB55
2025-06-20 15:19:55,301 [INFO] DbBoards:161 - Kit is not supported: P-NUCLEO-WB55
2025-06-20 15:19:55,311 [INFO] BoardInfo:889 - No configuration file found for board STEVAL-BFA001V1B
2025-06-20 15:19:55,313 [INFO] DbBoards:161 - Kit is not supported: STEVAL-BFA001V1B
2025-06-20 15:19:55,314 [INFO] BoardInfo:889 - No configuration file found for board STEVAL-BFA001V2B
2025-06-20 15:19:55,315 [INFO] DbBoards:161 - Kit is not supported: STEVAL-BFA001V2B
2025-06-20 15:19:55,583 [INFO] DbBoards:168 - Found 211 boards, 208 are supported
2025-06-20 15:19:55,583 [INFO] DbBoards:169 - Found 211 boards, 43 of them is supported for  Bsp
2025-06-20 15:19:55,588 [INFO] ApiDb:668 - CubeFinder database Data Model version=2.1
2025-06-20 15:19:55,588 [INFO] ApiDb:669 - CubeFinder database Configuration version=3.0.39
2025-06-20 15:19:55,588 [INFO] ApiDb:670 - CubeFinder database generation date=2025-04-23 (1745419778)
2025-06-20 15:19:55,588 [INFO] ApiDb:671 - CubeFinder database FW Pack versions=[FP-ATR-ASTRA1_V2.0.0, FP-SNS-FLIGHT1_V5.1.0, FP-SNS-MOTENV1_V5.0.0, FP-SNS-MOTENVWB1_V1.4.0, FP-SNS-SMARTAG2_V1.2.0, FP-SNS-STBOX1_V2.0.0, STM32Cube_FW_C0_V1.4.0, STM32Cube_FW_F4_V1.28.1, STM32Cube_FW_F7_V1.17.2, STM32Cube_FW_G0_V1.6.2, STM32Cube_FW_G4_V1.6.1, STM32Cube_FW_H5_V1.5.0, STM32Cube_FW_H7RS_V1.2.0, STM32Cube_FW_H7_V1.12.1, STM32Cube_FW_L0_V1.12.2, STM32Cube_FW_L4_V1.18.1, STM32Cube_FW_L5_V1.5.1, STM32Cube_FW_N6_V1.1.1, STM32Cube_FW_U0_V1.2.0, STM32Cube_FW_U3_V1.1.0, STM32Cube_FW_U5_V1.7.0, STM32Cube_FW_WB0_V1.2.0, STM32Cube_FW_WBA_V1.6.0, STM32Cube_FW_WB_V1.22.0, STM32Cube_FW_WL3_V1.1.0, STM32Cube_FW_WL_V1.3.1, X-CUBE-ALGOBUILD_V1.4.0, X-CUBE-ALS_V1.0.2, X-CUBE-AZRTOS-F4_V1.1.0, X-CUBE-AZRTOS-F7_V1.1.0, X-CUBE-AZRTOS-G0_V1.1.0, X-CUBE-AZRTOS-G4_V2.0.0, X-CUBE-AZRTOS-H7RS_V1.1.0, X-CUBE-AZRTOS-H7_V3.3.0, X-CUBE-AZRTOS-L4_V2.0.0, X-CUBE-AZRTOS-L5_V2.0.0, X-CUBE-AZRTOS-WB_V2.0.0, X-CUBE-AZRTOS-WL_V2.0.0, X-CUBE-BLE1_V7.1.0, X-CUBE-BLE2_V3.3.0, X-CUBE-BLEMGR_V4.0.0, X-CUBE-EEPRMA1_V5.1.0, X-CUBE-FREERTOS_V1.3.0, X-CUBE-GNSS1_V6.0.0, X-CUBE-MEMS1_V11.2.0, X-CUBE-NFC4_V3.0.0, X-CUBE-NFC7_V1.0.1, X-CUBE-SFXS2LP1_V4.0.0, X-CUBE-SUBG2_V5.0.0, X-CUBE-TOF1_V3.4.3]
2025-06-20 15:19:57,744 [INFO] ApiDb:240 - Found 895 in-development CPN: [B-G473E-ZEST1S, B-WB1M-WPAN1, B-WBA5M-WPAN, B-WL5M-SUBG1, NUCLEO-C031C6, NUCLEO-C051C8, NUCLEO-C071RB, NUCLEO-C092RC, NUCLEO-H503RB, NUCLEO-H533RE, NUCLEO-H563ZI, NUCLEO-H7S3L8, NUCLEO-N657X0-Q, NUCLEO-U031R8, NUCLEO-U083RC, NUCLEO-U385RG-Q, NUCLEO-U545RE-Q, NUCLEO-U5A5ZJ-Q, NUCLEO-WB05KZ, NUCLEO-WB07CC, NUCLEO-WB09KE, NUCLEO-WBA52CG, NUCLEO-WBA55CG, NUCLEO-WBA65RI, NUCLEO-WL33CC1, NUCLEO-WL33CC2, STEVAL-PROTEUS1, STEVAL-SMARTAG2, STEVAL-STWINBX1, STM320518-EVAL, STM32C0116-DK, STM32C011D6Y3TR, STM32C011D6Y6TR, STM32C011F4P3, STM32C011F4P6, STM32C011F4U3, STM32C011F4U6TR, STM32C011F6P3, STM32C011F6P6, STM32C011F6U3, STM32C011F6U6TR, STM32C011J4M3, STM32C011J4M6, STM32C011J6M3, STM32C011J6M6, STM32C0316-DK, STM32C031C4T3, STM32C031C4T6, STM32C031C4U3, STM32C031C4U6, STM32C031C6T3, STM32C031C6T6, STM32C031C6U3, STM32C031C6U6, STM32C031F4P3, STM32C031F4P6, STM32C031F6P3, STM32C031F6P6, STM32C031G4U3, STM32C031G4U6, STM32C031G6U3, STM32C031G6U6, STM32C031K4T3, STM32C031K4T6, STM32C031K4U3, STM32C031K4U6, STM32C031K6T3, STM32C031K6T6, STM32C031K6U3, STM32C031K6U6, STM32C051C6T6, STM32C051C6U6, STM32C051C8T6, STM32C051C8U6, STM32C051D8Y6TR, STM32C051F6P6, STM32C051F8P6, STM32C051G6U6, STM32C051G8U6, STM32C051K6T6, STM32C051K6U6, STM32C051K8T6, STM32C071C8T6, STM32C071C8T6N, STM32C071C8U6, STM32C071C8U6N, STM32C071CBT6, STM32C071CBT6N, STM32C071CBU6, STM32C071CBU6N, STM32C071F8P6, STM32C071F8P6N, STM32C071FBP6, STM32C071FBP6N, STM32C071FBY6TR, STM32C071G8U6, STM32C071G8U6N, STM32C071GBU6, STM32C071GBU6N, STM32C071K8T6, STM32C071K8T6N, STM32C071K8U6, STM32C071K8U6N, STM32C071KBT6, STM32C071KBT6N, STM32C071KBU6, STM32C071KBU6N, STM32C071R8T6, STM32C071R8T6N, STM32C071RBI6N, STM32C071RBT6, STM32C071RBT6N, STM32C091CBT6, STM32C091CBU6, STM32C091CCT6, STM32C091CCU6, STM32C091ECY6TR, STM32C091FBP6, STM32C091FCP6, STM32C091GBU6, STM32C091GCU6, STM32C091KBT6, STM32C091KBU6, STM32C091KCT6, STM32C091KCU6, STM32C091RBT6, STM32C091RCI6, STM32C091RCT6, STM32C092CBT6, STM32C092CBU6, STM32C092CCT6, STM32C092CCU6, STM32C092ECY6TR, STM32C092FBP6, STM32C092FCP6, STM32C092GBU6, STM32C092GCU6, STM32C092KBT6, STM32C092KBU6, STM32C092KCT6, STM32C092KCU6, STM32C092RBT6, STM32C092RCI6, STM32C092RCT6, STM32G071K8TXN, STM32G071K8UXN, STM32G081GBU6N, STM32G081KBT6N, STM32G081KBUXN, STM32G0B1CCT6N, STM32G0B1KCT6, STM32G0B1NEY6TR, STM32G0B1RCT6N, STM32G0C1CCT6, STM32G0C1CCT6N, STM32G0C1CCU6N, STM32G0C1CET6N, STM32G0C1CEU6N, STM32G0C1KCT6, STM32G0C1NEY6TR, STM32G0C1RCI6N, STM32G0C1RCT6N, STM32G0C1REI6N, STM32G0C1RET6N, STM32G0C1VCI6, STM32G0C1VEI6, STM32G411C6T3, STM32G411C6T6, STM32G411C6U3, STM32G411C6U6, STM32G411C8T3, STM32G411C8T6, STM32G411C8U3, STM32G411C8U6, STM32G411CBT3, STM32G411CBT6, STM32G411CBU3, STM32G411CBU6, STM32G411CCT3, STM32G411CCT6, STM32G411CCU3, STM32G411CCU6, STM32G411K6T3, STM32G411K6T6, STM32G411K6U3, STM32G411K6U6, STM32G411K8T3, STM32G411K8T6, STM32G411K8U3, STM32G411K8U6, STM32G411KBT3, STM32G411KBT6, STM32G411KBU3, STM32G411KBU6, STM32G411M6T3, STM32G411M6T6, STM32G411M8T3, STM32G411M8T6, STM32G411MBT3, STM32G411MBT6, STM32G411MCT3, STM32G411MCT6, STM32G411R6T3, STM32G411R6T6, STM32G411R8T3, STM32G411R8T6, STM32G411RBT3, STM32G411RBT6, STM32G411RCT3, STM32G411RCT6, STM32G414CBT3, STM32G414CBT6, STM32G414CBU3, STM32G414CBU6, STM32G414CCT3, STM32G414CCT6, STM32G414CCU3, STM32G414CCU6, STM32G414MBT3, STM32G414MBT6, STM32G414MCT3, STM32G414MCT6, STM32G414RBT3, STM32G414RBT6, STM32G414RCT3, STM32G414RCT6, STM32G414VBT3, STM32G414VBT6, STM32G414VCT3, STM32G414VCT6, STM32G431CBT3Z, STM32G431RBT3Z, STM32G471CCT6, STM32G471CCU6, STM32G471CET3, STM32G471CET6, STM32G471CEU3, STM32G471CEU6, STM32G471MCT6, STM32G471MET3, STM32G471MET6, STM32G471MEY6TR, STM32G471QCT6, STM32G471QET3, STM32G471RCT6, STM32G471RET3, STM32G471RET6, STM32G471VCH6, STM32G471VCI6, STM32G471VCT6, STM32G471VEH3, STM32G471VEH6, STM32G471VEI3, STM32G471VEI6, STM32G471VET3, STM32G471VET6, STM32G473QET3Z, STM32G473RET3Z, STM32G474CCT6, STM32G491RET3Z, STM32H503CBT6, STM32H503CBU6, STM32H503EBY6TR, STM32H503KBU6, STM32H503RBT6, STM32H523CCT6, STM32H523CCU6, STM32H523CET6, STM32H523CEU6, STM32H523HEY6TR, STM32H523RCT6, STM32H523RET6, STM32H523VCI6, STM32H523VCT6, STM32H523VEI6, STM32H523VET6, STM32H523ZCJ6, STM32H523ZCT6, STM32H523ZEJ6, STM32H523ZET6, STM32H533CET6, STM32H533CEU6, STM32H533HEY6TR, STM32H533RET6, STM32H533VEI6, STM32H533VET6, STM32H533ZEJ6, STM32H533ZET6, STM32H562AGI6, STM32H562AII6, STM32H562IGK6, STM32H562IGT6, STM32H562IIK6, STM32H562IIT6, STM32H562RGT6, STM32H562RGV6, STM32H562RIT6, STM32H562RIV6, STM32H562VGT6, STM32H562VIT6, STM32H562ZGT6, STM32H562ZIT6, STM32H563AGI6, STM32H563AII3Q, STM32H563AII6, STM32H563IGK6, STM32H563IGT6, STM32H563IIK3Q, STM32H563IIK6, STM32H563IIT3Q, STM32H563IIT6, STM32H563MIY3QTR, STM32H563RGT6, STM32H563RGV6, STM32H563RIT6, STM32H563RIV6, STM32H563VGT6, STM32H563VIT3Q, STM32H563VIT6, STM32H563ZGT6, STM32H563ZIT3Q, STM32H563ZIT6, STM32H573AII3Q, STM32H573AII6, STM32H573I-DK, STM32H573IIK3Q, STM32H573IIK6, STM32H573IIT3Q, STM32H573IIT6, STM32H573MIY3QTR, STM32H573RIT6, STM32H573RIV6, STM32H573VIT3Q, STM32H573VIT6, STM32H573ZIT3Q, STM32H573ZIT6, STM32H7R3A8I6, STM32H7R3I8K6, STM32H7R3I8T6, STM32H7R3L8H6, STM32H7R3L8H6H, STM32H7R3R8V6, STM32H7R3V8H6, STM32H7R3V8T6, STM32H7R3V8Y6TR, STM32H7R3Z8J6, STM32H7R3Z8T6, STM32H7R7A8I6, STM32H7R7I8K6, STM32H7R7I8T6, STM32H7R7L8H6, STM32H7R7L8H6H, STM32H7R7Z8J6, STM32H7S3A8I6, STM32H7S3I8K6, STM32H7S3I8T6, STM32H7S3L8H6, STM32H7S3L8H6H, STM32H7S3R8V6, STM32H7S3V8H6, STM32H7S3V8T6, STM32H7S3V8Y6TR, STM32H7S3Z8J6, STM32H7S3Z8T6, STM32H7S78-DK, STM32H7S7A8I6, STM32H7S7I8K6, STM32H7S7I8T6, STM32H7S7L8H6, STM32H7S7L8H6H, STM32H7S7Z8J6, STM32L4R5QGI6STR, STM32MP131AAE3, STM32MP131AAF3, STM32MP131AAG3, STM32MP131CAE3, STM32MP131CAF3, STM32MP131CAG3, STM32MP131DAE7, STM32MP131DAF7, STM32MP131DAG7, STM32MP131FAE7, STM32MP131FAF7, STM32MP131FAG7, STM32MP133AAE3, STM32MP133AAF3, STM32MP133AAG3, STM32MP133CAE3, STM32MP133CAF3, STM32MP133CAG3, STM32MP133DAE7, STM32MP133DAF7, STM32MP133DAG7, STM32MP133FAE7, STM32MP133FAF7, STM32MP133FAG7, STM32MP135AAE3, STM32MP135AAF3, STM32MP135AAG3, STM32MP135CAE3, STM32MP135CAF3, STM32MP135CAG3, STM32MP135DAE7, STM32MP135DAF7, STM32MP135DAG7, STM32MP135F-DK, STM32MP135FAE7, STM32MP135FAF7, STM32MP135FAF7T, STM32MP135FAF7U, STM32MP135FAG7, STM32MP231AAJ3, STM32MP231AAK3, STM32MP231AAL3, STM32MP231CAJ3, STM32MP231CAK3, STM32MP231CAL3, STM32MP231DAJ3, STM32MP231DAK3, STM32MP231DAL3, STM32MP231FAJ3, STM32MP231FAK3, STM32MP231FAL3, STM32MP233AAJ3, STM32MP233AAK3, STM32MP233AAL3, STM32MP233CAJ3, STM32MP233CAK3, STM32MP233CAL3, STM32MP233DAJ3, STM32MP233DAK3, STM32MP233DAL3, STM32MP233FAJ3, STM32MP233FAK3, STM32MP233FAL3, STM32MP235AAJ3, STM32MP235AAK3, STM32MP235AAL3, STM32MP235CAJ3, STM32MP235CAK3, STM32MP235CAL3, STM32MP235DAJ3, STM32MP235DAK3, STM32MP235DAL3, STM32MP235FAJ3, STM32MP235FAK3, STM32MP235FAL3, STM32MP251AAI3, STM32MP251AAJ3, STM32MP251AAK3, STM32MP251AAL3, STM32MP251CAI3, STM32MP251CAJ3, STM32MP251CAK3, STM32MP251CAL3, STM32MP251DAI3, STM32MP251DAJ3, STM32MP251DAK3, STM32MP251DAL3, STM32MP251FAI3, STM32MP251FAJ3, STM32MP251FAK3, STM32MP251FAL3, STM32MP253AAI3, STM32MP253AAJ3, STM32MP253AAK3, STM32MP253AAL3, STM32MP253CAI3, STM32MP253CAJ3, STM32MP253CAK3, STM32MP253CAL3, STM32MP253DAI3, STM32MP253DAJ3, STM32MP253DAK3, STM32MP253DAL3, STM32MP253FAI3, STM32MP253FAJ3, STM32MP253FAK3, STM32MP253FAL3, STM32MP255AAI3, STM32MP255AAJ3, STM32MP255AAK3, STM32MP255AAL3, STM32MP255CAI3, STM32MP255CAJ3, STM32MP255CAK3, STM32MP255CAL3, STM32MP255DAI3, STM32MP255DAJ3, STM32MP255DAK3, STM32MP255DAL3, STM32MP255FAI3, STM32MP255FAJ3, STM32MP255FAK3, STM32MP255FAL3, STM32MP257AAI3, STM32MP257AAJ3, STM32MP257AAK3, STM32MP257AAL3, STM32MP257CAI3, STM32MP257CAJ3, STM32MP257CAK3, STM32MP257CAL3, STM32MP257DAI3, STM32MP257DAJ3, STM32MP257DAK3, STM32MP257DAL3, STM32MP257F-DK, STM32MP257F-EV1, STM32MP257FAI3, STM32MP257FAJ3, STM32MP257FAK3, STM32MP257FAL3, STM32N645A0H3Q, STM32N645B0H3Q, STM32N645I0H3Q, STM32N645L0H3Q, STM32N645X0H3Q, STM32N645Z0H3Q, STM32N647A0H3Q, STM32N647B0H3Q, STM32N647I0H3Q, STM32N647L0H3Q, STM32N647X0H3Q, STM32N647Z0H3Q, STM32N655A0H3Q, STM32N655B0H3Q, STM32N655I0H3Q, STM32N655L0H3Q, STM32N655X0H3Q, STM32N655Z0H3Q, STM32N6570-DK, STM32N657A0H3Q, STM32N657B0H3Q, STM32N657I0H3Q, STM32N657L0H3Q, STM32N657X0H3Q, STM32N657Z0H3Q, STM32U031C6T6, STM32U031C6U6, STM32U031C8T6, STM32U031C8U6, STM32U031F4P6, STM32U031F6P6, STM32U031F8P6, STM32U031G6Y6TR, STM32U031G8Y6TR, STM32U031K4U6, STM32U031K6U6, STM32U031K8U6, STM32U031R6I6, STM32U031R6T6, STM32U031R8I6, STM32U031R8T6, STM32U073C8T6, STM32U073C8U6, STM32U073CBT6, STM32U073CBU6, STM32U073CCT6, STM32U073CCU6, STM32U073H8Y6TR, STM32U073HBY6TR, STM32U073HCY6TR, STM32U073K8U6, STM32U073KBU6, STM32U073KCU6, STM32U073M8I6, STM32U073M8T6, STM32U073MBI6, STM32U073MBT6, STM32U073MCI6, STM32U073MCT6, STM32U073R8I6, STM32U073R8T6, STM32U073RBI6, STM32U073RBT6, STM32U073RCI6, STM32U073RCT6, STM32U083C-DK, STM32U083CCT6, STM32U083CCU6, STM32U083HCY6TR, STM32U083KCU6, STM32U083MCI6, STM32U083MCT6, STM32U083RCI6, STM32U083RCT6, STM32U375CET6, STM32U375CET6Q, STM32U375CEU6, STM32U375CEU6Q, STM32U375CEY6QTR, STM32U375CGT6, STM32U375CGT6Q, STM32U375CGU6, STM32U375CGU6Q, STM32U375CGY6QTR, STM32U375KEU6, STM32U375KGU6, STM32U375REI6, STM32U375REI6Q, STM32U375RET6, STM32U375RET6Q, STM32U375REY6GTR, STM32U375REY6QTR, STM32U375RGI6, STM32U375RGI6Q, STM32U375RGT6, STM32U375RGT6Q, STM32U375RGY6GTR, STM32U375RGY6QTR, STM32U375VEI6, STM32U375VEI6Q, STM32U375VET6, STM32U375VET6Q, STM32U375VGI6, STM32U375VGI6Q, STM32U375VGT6, STM32U375VGT6Q, STM32U385CGT6, STM32U385CGT6Q, STM32U385CGU6, STM32U385CGU6Q, STM32U385CGY6QTR, STM32U385KGU6, STM32U385RGI6, STM32U385RGI6Q, STM32U385RGT6, STM32U385RGT6Q, STM32U385RGY6GTR, STM32U385RGY6QTR, STM32U385VGI6, STM32U385VGI6Q, STM32U385VGT6, STM32U385VGT6Q, STM32U535CBT6, STM32U535CBT6Q, STM32U535CBU6, STM32U535CBU6Q, STM32U535CCT6, STM32U535CCT6Q, STM32U535CCU6, STM32U535CCU6Q, STM32U535CET6, STM32U535CET6Q, STM32U535CEU6, STM32U535CEU6Q, STM32U535JEY6QTR, STM32U535NCY6QTR, STM32U535NEY6QTR, STM32U535RBI6, STM32U535RBI6Q, STM32U535RBT6, STM32U535RBT6Q, STM32U535RCI6, STM32U535RCI6Q, STM32U535RCT6, STM32U535RCT6Q, STM32U535REI6, STM32U535REI6Q, STM32U535RET6, STM32U535RET6Q, STM32U535VCI6, STM32U535VCI6Q, STM32U535VCT6, STM32U535VCT6Q, STM32U535VEI6, STM32U535VEI6Q, STM32U535VET6, STM32U535VET6Q, STM32U545CET6, STM32U545CET6Q, STM32U545CEU6, STM32U545CEU6Q, STM32U545JEY6QTR, STM32U545NEY6QTR, STM32U545REI6, STM32U545REI6Q, STM32U545RET6, STM32U545RET6Q, STM32U545VEI6, STM32U545VEI6Q, STM32U545VET6, STM32U545VET6Q, STM32U595AIH6, STM32U595AIH6Q, STM32U595AJH6, STM32U595AJH6Q, STM32U595QII6, STM32U595QII6Q, STM32U595QJI6, STM32U595QJI6Q, STM32U595RIT6, STM32U595RIT6Q, STM32U595RJT6, STM32U595RJT6Q, STM32U595VIT6, STM32U595VIT6Q, STM32U595VJT6, STM32U595VJT6Q, STM32U595ZIT6, STM32U595ZIT6Q, STM32U595ZIY6QTR, STM32U595ZJT6, STM32U595ZJT6Q, STM32U595ZJY6QTR, STM32U599BJY6QTR, STM32U599NIH6Q, STM32U599NJH6Q, STM32U599VIT6Q, STM32U599VJT6, STM32U599VJT6Q, STM32U599ZIT6Q, STM32U599ZIY6QTR, STM32U599ZJT6Q, STM32U599ZJY6QTR, STM32U5A5AJH6, STM32U5A5AJH6Q, STM32U5A5QII3Q , STM32U5A5QJI6, STM32U5A5QJI6Q, STM32U5A5RJT6, STM32U5A5RJT6Q, STM32U5A5VJT6, STM32U5A5VJT6Q, STM32U5A5ZJT6, STM32U5A5ZJT6Q, STM32U5A5ZJY6QTR, STM32U5A9BJY6QTR, STM32U5A9J-DK, STM32U5A9NJH6Q, STM32U5A9VJT6Q, STM32U5A9ZJT6Q, STM32U5A9ZJY6QTR, STM32U5F7VIT6, STM32U5F7VIT6Q, STM32U5F7VJT6, STM32U5F7VJT6Q, STM32U5F9BJY6QTR, STM32U5F9NJH6Q, STM32U5F9VIT6Q, STM32U5F9VJT6Q, STM32U5F9ZIJ6QTR, STM32U5F9ZIT6Q, STM32U5F9ZJJ6QTR, STM32U5F9ZJT6Q, STM32U5G7VJT6, STM32U5G7VJT6Q, STM32U5G9BJY6QTR, STM32U5G9J-DK1, STM32U5G9J-DK2, STM32U5G9NJH6Q, STM32U5G9VJT6Q, STM32U5G9ZJJ6QTR, STM32U5G9ZJT6Q, STM32WB05KZV6TR, STM32WB05KZV7TR, STM32WB05TZF6TR, STM32WB05TZF7TR, STM32WB06CCF6TR, STM32WB06CCF7TR, STM32WB06CCV6TR, STM32WB06CCV7TR, STM32WB06KCV6TR, STM32WB06KCV7TR, STM32WB07CCF6TR, STM32WB07CCF7TR, STM32WB07CCV6TR, STM32WB07CCV7TR, STM32WB07KCV6TR, STM32WB07KCV7TR, STM32WB09KEV6TR, STM32WB09KEV7TR, STM32WB09TEF6TR, STM32WB09TEF7TR, STM32WB1MMCH6, STM32WBA50KGU6, STM32WBA50KGU6TR, STM32WBA52CEU6, STM32WBA52CEU6TR, STM32WBA52CEU7, STM32WBA52CEU7TR, STM32WBA52CGU6, STM32WBA52CGU6TR, STM32WBA52CGU6U, STM32WBA52CGU7, STM32WBA52CGU7TR, STM32WBA52KEU6, STM32WBA52KEU6TR, STM32WBA52KGU6, STM32WBA52KGU6TR, STM32WBA54CEU6, STM32WBA54CEU6TR, STM32WBA54CEU7, STM32WBA54CEU7TR, STM32WBA54CGU6, STM32WBA54CGU6TR, STM32WBA54CGU7, STM32WBA54CGU7TR, STM32WBA54KEU6, STM32WBA54KEU6TR, STM32WBA54KEU7, STM32WBA54KEU7TR, STM32WBA54KGU6, STM32WBA54KGU6TR, STM32WBA54KGU7, STM32WBA54KGU7TR, STM32WBA55CEU6, STM32WBA55CEU6TR, STM32WBA55CEU7, STM32WBA55CEU7TR, STM32WBA55CGU6, STM32WBA55CGU6TR, STM32WBA55CGU6U, STM32WBA55CGU7, STM32WBA55CGU7TR, STM32WBA55G-DK1, STM32WBA55HEF6, STM32WBA55HEF7, STM32WBA55HGF6, STM32WBA55HGF7, STM32WBA55UEI6, STM32WBA55UEI6TR, STM32WBA55UEI7, STM32WBA55UEI7TR, STM32WBA55UGI6, STM32WBA55UGI6TR, STM32WBA55UGI7, STM32WBA55UGI7TR, STM32WBA5MJGH6TR, STM32WBA62CGU6, STM32WBA62CIU6, STM32WBA62MGF6, STM32WBA62MIF6, STM32WBA62PGI6, STM32WBA62PII6, STM32WBA63CGU6, STM32WBA63CGU7, STM32WBA63CIU6, STM32WBA63CIU7, STM32WBA64CGU6, STM32WBA64CGU7, STM32WBA64CIU6, STM32WBA64CIU7, STM32WBA65CGU6, STM32WBA65CGU7, STM32WBA65CIU6, STM32WBA65CIU7, STM32WBA65I-DK1, STM32WBA65MGF6, STM32WBA65MGF7, STM32WBA65MIF6, STM32WBA65MIF7, STM32WBA65PGI6, STM32WBA65PGI7, STM32WBA65PII6, STM32WBA65PII7, STM32WBA65RGV6, STM32WBA65RGV7, STM32WBA65RIV6, STM32WBA65RIV7, STM32WL30K8V6, STM32WL30KBV6, STM32WL31C8V6, STM32WL31CBV6, STM32WL31K8V6, STM32WL31KBV6, STM32WL33C8V6, STM32WL33C8V6TR, STM32WL33C8V7, STM32WL33C8V7TR, STM32WL33CBV6, STM32WL33CBV6TR, STM32WL33CBV7, STM32WL33CBV7TR, STM32WL33CCV6, STM32WL33CCV6TR, STM32WL33CCV7, STM32WL33CCV7A, STM32WL33CCV7ATR, STM32WL33CCV7TR, STM32WL33K8V6, STM32WL33K8V6TR, STM32WL33K8V7, STM32WL33K8V7TR, STM32WL33KBV6, STM32WL33KBV6TR, STM32WL33KBV7, STM32WL33KBV7TR, STM32WL33KCV6, STM32WL33KCV6TR, STM32WL33KCV7, STM32WL33KCV7TR, STM32WL5MOCH6, STM32WL5MOCH6TR]
2025-06-20 15:19:57,747 [INFO] DbMcus:218 - Found 4686 MCUs, 4686 are supported
2025-06-20 15:19:57,747 [INFO] ApiDb:423 - Load user favorites file C:\Users\ashen/.stm32cubeide/favorites.mcus.txt: 0 item(s)
2025-06-20 15:19:57,747 [INFO] ApiDb:427 - User favorites MCUs=[]
2025-06-20 15:19:57,748 [INFO] DbMcus:224 - Set 0 / 0 favorites MCUs
2025-06-20 15:19:58,271 [INFO] ApiDb:423 - Load user favorites file C:\Users\ashen/.stm32cubeide/favorites.boards.txt: 0 item(s)
2025-06-20 15:19:58,271 [INFO] ApiDb:427 - User favorites Boards=[]
2025-06-20 15:19:58,271 [INFO] DbBoards:198 - Set 0 / 0 favorites Boards
2025-06-20 15:19:58,340 [INFO] UtilMem:75 - End LoadConfig() Used Memory: 974322832 Bytes (1073741824)
2025-06-20 15:19:58,507 [WARN] ThirdParty:833 - waiting for thirdparty lock release [change project]
2025-06-20 15:19:58,507 [INFO] ThirdParty:835 - entering critical section [change project]
2025-06-20 15:19:58,507 [INFO] ThirdParty:1030 - CMSIS Pack Vendor :STMicroelectronics USBPD 4.1
2025-06-20 15:19:58,508 [INFO] ThirdParty:1030 - CMSIS Pack Vendor :STMicroelectronics X-CUBE-AZRTOS-H7 3.3.0
2025-06-20 15:19:58,508 [INFO] ThirdParty:1030 - CMSIS Pack Vendor :STMicroelectronics X-CUBE-NFC9 1.0.0
2025-06-20 15:19:58,508 [INFO] ThirdParty:1030 - CMSIS Pack Vendor :STMicroelectronics USB_HOST 2.0.0
2025-06-20 15:19:58,508 [INFO] ThirdParty:1030 - CMSIS Pack Vendor :STMicroelectronics FP-SNS-MOTENVWB1 1.4.0
2025-06-20 15:19:58,508 [INFO] ThirdParty:1030 - CMSIS Pack Vendor :STMicroelectronics X-CUBE-AZRTOS-F4 1.1.0
2025-06-20 15:19:58,508 [INFO] ThirdParty:1030 - CMSIS Pack Vendor :STMicroelectronics LIBJPEG 8.0.0
2025-06-20 15:19:58,508 [INFO] ThirdParty:1030 - CMSIS Pack Vendor :STMicroelectronics FP-ATR-ASTRA1 2.0.2
2025-06-20 15:19:58,508 [INFO] ThirdParty:1030 - CMSIS Pack Vendor :STMicroelectronics FP-ATR-ASTRA1 2.0.1
2025-06-20 15:19:58,508 [INFO] ThirdParty:1030 - CMSIS Pack Vendor :STMicroelectronics X-CUBE-BLE1 7.1.0
2025-06-20 15:19:58,508 [INFO] ThirdParty:1030 - CMSIS Pack Vendor :Avnet-IotConnect X-CUBE-IoTC-DA16k-PMOD 1.0.0
2025-06-20 15:19:58,508 [INFO] ThirdParty:1030 - CMSIS Pack Vendor :STMicroelectronics X-CUBE-SMBUS 2.1.0
2025-06-20 15:19:58,508 [INFO] ThirdParty:1030 - CMSIS Pack Vendor :STMicroelectronics X-CUBE-WB05N 1.1.0
2025-06-20 15:19:58,508 [INFO] ThirdParty:1030 - CMSIS Pack Vendor :STMicroelectronics USB_DEVICE 3.0.0
2025-06-20 15:19:58,508 [INFO] ThirdParty:1030 - CMSIS Pack Vendor :STMicroelectronics X-CUBE-ISPU 2.1.0
2025-06-20 15:19:58,508 [INFO] ThirdParty:1030 - CMSIS Pack Vendor :STMicroelectronics X-CUBE-AZRTOS-WB 2.0.0
2025-06-20 15:19:58,508 [INFO] ThirdParty:1030 - CMSIS Pack Vendor :STMicroelectronics X-CUBE-ST60 1.0.0
2025-06-20 15:19:58,508 [INFO] ThirdParty:1030 - CMSIS Pack Vendor :STMicroelectronics X-CUBE-GNSS1 7.0.1
2025-06-20 15:19:58,508 [INFO] ThirdParty:1030 - CMSIS Pack Vendor :STMicroelectronics X-CUBE-AZRTOS-F7 1.1.0
2025-06-20 15:19:58,509 [INFO] ThirdParty:1030 - CMSIS Pack Vendor :STMicroelectronics X-CUBE-AZRTOS-L5 2.0.0
2025-06-20 15:19:58,509 [INFO] ThirdParty:1030 - CMSIS Pack Vendor :STMicroelectronics X-CUBE-TOUCHGFX 4.25.0
2025-06-20 15:19:58,509 [INFO] ThirdParty:1030 - CMSIS Pack Vendor :STMicroelectronics USB_DEVICE 2.0.0
2025-06-20 15:19:58,509 [INFO] ThirdParty:1030 - CMSIS Pack Vendor :STMicroelectronics X-CUBE-NFC6 3.1.0
2025-06-20 15:19:58,509 [INFO] ThirdParty:1030 - CMSIS Pack Vendor :STMicroelectronics X-CUBE-AI 10.1.0
2025-06-20 15:19:58,509 [INFO] ThirdParty:1030 - CMSIS Pack Vendor :STMicroelectronics FP-SNS-STBOX1 2.0.0
2025-06-20 15:19:58,509 [INFO] ThirdParty:1030 - CMSIS Pack Vendor :STMicroelectronics X-CUBE-MEMS1 11.2.0
2025-06-20 15:19:58,509 [INFO] ThirdParty:1030 - CMSIS Pack Vendor :STMicroelectronics FreeRTOS 0.0.1
2025-06-20 15:19:58,509 [INFO] ThirdParty:1030 - CMSIS Pack Vendor :STMicroelectronics X-CUBE-AZRTOS-G0 1.1.0
2025-06-20 15:19:58,509 [INFO] ThirdParty:1030 - CMSIS Pack Vendor :STMicroelectronics X-CUBE-SAFEA1 1.2.2
2025-06-20 15:19:58,509 [INFO] ThirdParty:1030 - CMSIS Pack Vendor :STMicroelectronics X-CUBE-NFC4 3.0.0
2025-06-20 15:19:58,509 [INFO] ThirdParty:1030 - CMSIS Pack Vendor :STMicroelectronics X-CUBE-DPower 1.2.0
2025-06-20 15:19:58,509 [INFO] ThirdParty:1030 - CMSIS Pack Vendor :STMicroelectronics X-CUBE-SUBG2 5.0.0
2025-06-20 15:19:58,509 [INFO] ThirdParty:1030 - CMSIS Pack Vendor :STMicroelectronics X-CUBE-AZRTOS-H7RS 1.1.0
2025-06-20 15:19:58,509 [INFO] ThirdParty:1030 - CMSIS Pack Vendor :STMicroelectronics STM32_WPAN 1.0.0
2025-06-20 15:19:58,509 [INFO] ThirdParty:1030 - CMSIS Pack Vendor :EmbeddedOffice I-CUBE-FS-RTOS 1.0.1
2025-06-20 15:19:58,509 [INFO] ThirdParty:1030 - CMSIS Pack Vendor :STMicroelectronics lwIP 2.0.3
2025-06-20 15:19:58,509 [INFO] ThirdParty:1030 - CMSIS Pack Vendor :STMicroelectronics FP-SNS-FLIGHT1 5.0.2
2025-06-20 15:19:58,509 [INFO] ThirdParty:1030 - CMSIS Pack Vendor :Cesanta I-CUBE-Mongoose 7.13.0
2025-06-20 15:19:58,509 [INFO] ThirdParty:1030 - CMSIS Pack Vendor :STMicroelectronics USB_HOST 1.0.0
2025-06-20 15:19:58,509 [INFO] ThirdParty:1030 - CMSIS Pack Vendor :Infineon AIROC-Wi-Fi-Bluetooth-STM32 1.7.0
2025-06-20 15:19:58,509 [INFO] ThirdParty:1030 - CMSIS Pack Vendor :STMicroelectronics X-CUBE-AZRTOS-G4 2.0.0
2025-06-20 15:19:58,509 [INFO] ThirdParty:1030 - CMSIS Pack Vendor :STMicroelectronics X-CUBE-WB05N 2.0.0
2025-06-20 15:19:58,509 [INFO] ThirdParty:1030 - CMSIS Pack Vendor :STMicroelectronics PDM2PCM 3.1.0
2025-06-20 15:19:58,509 [INFO] ThirdParty:1030 - CMSIS Pack Vendor :STMicroelectronics PDM2PCM 3.3.0
2025-06-20 15:19:58,509 [INFO] ThirdParty:1030 - CMSIS Pack Vendor :STMicroelectronics X-CUBE-DISPLAY 3.0.0
2025-06-20 15:19:58,509 [INFO] ThirdParty:1030 - CMSIS Pack Vendor :STMicroelectronics X-CUBE-NFC7 2.0.0
2025-06-20 15:19:58,509 [INFO] ThirdParty:1030 - CMSIS Pack Vendor :STMicroelectronics X-CUBE-TCPP 4.2.0
2025-06-20 15:19:58,509 [INFO] ThirdParty:1030 - CMSIS Pack Vendor :RealThread X-CUBE-RT-Thread_Nano 4.1.1
2025-06-20 15:19:58,509 [INFO] ThirdParty:1030 - CMSIS Pack Vendor :STMicroelectronics X-CUBE-BLE1 7.0.0
2025-06-20 15:19:58,509 [INFO] ThirdParty:1030 - CMSIS Pack Vendor :STMicroelectronics FP-ATR-SIGFOX1 3.2.0
2025-06-20 15:19:58,509 [INFO] ThirdParty:1030 - CMSIS Pack Vendor :STMicroelectronics X-CUBE-NFC10 1.0.0
2025-06-20 15:19:58,509 [INFO] ThirdParty:1030 - CMSIS Pack Vendor :quantropi X-CUBE-qispace-sdk-base 1.9.3
2025-06-20 15:19:58,510 [INFO] ThirdParty:1030 - CMSIS Pack Vendor :STMicroelectronics X-CUBE-BLEMGR 4.0.0
2025-06-20 15:19:58,510 [INFO] ThirdParty:1030 - CMSIS Pack Vendor :STMicroelectronics X-CUBE-EEPRMA1 5.1.0
2025-06-20 15:19:58,510 [INFO] ThirdParty:1030 - CMSIS Pack Vendor :STMicroelectronics X-CUBE-FREERTOS 1.3.1
2025-06-20 15:19:58,510 [INFO] ThirdParty:1030 - CMSIS Pack Vendor :STMicroelectronics HAL Drivers 0.0.0
2025-06-20 15:19:58,510 [INFO] ThirdParty:1030 - CMSIS Pack Vendor :STMicroelectronics MBEDTLS 2.16.2
2025-06-20 15:19:58,510 [INFO] ThirdParty:1030 - CMSIS Pack Vendor :STMicroelectronics X-CUBE-IPS 3.1.0
2025-06-20 15:19:58,510 [INFO] ThirdParty:1030 - CMSIS Pack Vendor :STMicroelectronics X-CUBE-ALS 1.0.2
2025-06-20 15:19:58,510 [INFO] ThirdParty:1030 - CMSIS Pack Vendor :emotas I-CUBE-CANOPEN 1.3.0
2025-06-20 15:19:58,510 [INFO] ThirdParty:1030 - CMSIS Pack Vendor :STMicroelectronics X-CUBE-FREERTOS 1.3.0
2025-06-20 15:19:58,510 [INFO] ThirdParty:1030 - CMSIS Pack Vendor :STMicroelectronics X-CUBE-NFC7 1.0.1
2025-06-20 15:19:58,510 [INFO] ThirdParty:1030 - CMSIS Pack Vendor :STMicroelectronics MBEDTLS 2.14.1
2025-06-20 15:19:58,510 [INFO] ThirdParty:1030 - CMSIS Pack Vendor :wolfSSL I-CUBE-wolfSSL 5.7.6
2025-06-20 15:19:58,510 [INFO] ThirdParty:1030 - CMSIS Pack Vendor :ITTIA_DB I-CUBE-ITTIADB 8.9.0
2025-06-20 15:19:58,510 [INFO] ThirdParty:1030 - CMSIS Pack Vendor :STMicroelectronics X-CUBE-TOUCHGFX 4.24.2
2025-06-20 15:19:58,510 [INFO] ThirdParty:1030 - CMSIS Pack Vendor :wolfSSL I-CUBE-wolfTPM 3.4.0
2025-06-20 15:19:58,510 [INFO] ThirdParty:1030 - CMSIS Pack Vendor :portGmbH I-Cube-SoM-uGOAL 1.1.0
2025-06-20 15:19:58,510 [INFO] ThirdParty:1030 - CMSIS Pack Vendor :STMicroelectronics X-CUBE-AI 10.0.0
2025-06-20 15:19:58,510 [INFO] ThirdParty:1030 - CMSIS Pack Vendor :STMicroelectronics X-CUBE-ST67W61 1.0.0
2025-06-20 15:19:58,510 [INFO] ThirdParty:1030 - CMSIS Pack Vendor :STMicroelectronics ThreadX 1.0.0
2025-06-20 15:19:58,510 [INFO] ThirdParty:1030 - CMSIS Pack Vendor :STMicroelectronics FP-SNS-SMARTAG2 1.2.0
2025-06-20 15:19:58,510 [INFO] ThirdParty:1030 - CMSIS Pack Vendor :STMicroelectronics FP-SNS-FLIGHT1 5.1.0
2025-06-20 15:19:58,510 [INFO] ThirdParty:1030 - CMSIS Pack Vendor :STMicroelectronics X-CUBE-MEMS1 11.1.0
2025-06-20 15:19:58,510 [INFO] ThirdParty:1030 - CMSIS Pack Vendor :STMicroelectronics X-CUBE-AZRTOS-WL 2.0.0
2025-06-20 15:19:58,510 [INFO] ThirdParty:1030 - CMSIS Pack Vendor :SEGGER I-CUBE-embOS 1.3.1
2025-06-20 15:19:58,510 [INFO] ThirdParty:1030 - CMSIS Pack Vendor :STMicroelectronics X-CUBE-ALGOBUILD 1.4.0
2025-06-20 15:19:58,510 [INFO] ThirdParty:1030 - CMSIS Pack Vendor :STMicroelectronics X-CUBE-DPower 1.3.0
2025-06-20 15:19:58,510 [INFO] ThirdParty:1030 - CMSIS Pack Vendor :STMicroelectronics X-CUBE-MEMS1 11.3.0
2025-06-20 15:19:58,511 [INFO] ThirdParty:1030 - CMSIS Pack Vendor :STMicroelectronics FP-SNS-MOTENV1 5.0.0
2025-06-20 15:19:58,511 [INFO] ThirdParty:1030 - CMSIS Pack Vendor :STMicroelectronics USB_DEVICE 1.0.0
2025-06-20 15:19:58,511 [INFO] ThirdParty:1030 - CMSIS Pack Vendor :STMicroelectronics X-CUBE-AZRTOS-H7RS 1.0.0
2025-06-20 15:19:58,511 [INFO] ThirdParty:1030 - CMSIS Pack Vendor :wolfSSL I-CUBE-wolfMQTT 1.19.0
2025-06-20 15:19:58,511 [INFO] ThirdParty:1030 - CMSIS Pack Vendor :STMicroelectronics X-CUBE-AZRTOS-L4 2.0.0
2025-06-20 15:19:58,511 [INFO] ThirdParty:1030 - CMSIS Pack Vendor :STMicroelectronics ThreadX 0.0.2
2025-06-20 15:19:58,511 [INFO] ThirdParty:1030 - CMSIS Pack Vendor :WES I-CUBE-Cesium 1.3.0
2025-06-20 15:19:58,511 [INFO] ThirdParty:1030 - CMSIS Pack Vendor :STMicroelectronics lwIP 2.1.2
2025-06-20 15:19:58,511 [INFO] ThirdParty:1030 - CMSIS Pack Vendor :STMicroelectronics X-CUBE-SFXS2LP1 4.0.0
2025-06-20 15:19:58,511 [INFO] ThirdParty:1030 - CMSIS Pack Vendor :STMicroelectronics X-CUBE-BLE2 3.3.0
2025-06-20 15:19:58,511 [INFO] ThirdParty:1030 - CMSIS Pack Vendor :STMicroelectronics X-CUBE-TOF1 3.4.2
2025-06-20 15:19:58,511 [INFO] ThirdParty:1030 - CMSIS Pack Vendor :STMicroelectronics X-CUBE-TOF1 3.4.3
2025-06-20 15:19:58,511 [INFO] ThirdParty:1030 - CMSIS Pack Vendor :STMicroelectronics PDM2PCM 3.2.0
2025-06-20 15:19:58,511 [INFO] ThirdParty:1030 - CMSIS Pack Vendor :wolfSSL I-CUBE-wolfSSH 1.4.17
2025-06-20 15:19:58,511 [INFO] ThirdParty:841 - exiting critical section [change project]
2025-06-20 15:19:59,634 [INFO] PinOutPanel:1589 - setPackage(No Configuration,No Configuration)
2025-06-20 15:19:59,636 [INFO] PinOutPanel:1589 - setPackage(STM32F756ZGTx,LQFP144)
2025-06-20 15:20:00,638 [INFO] UtilMem:75 - Before build in PCC Used Memory: 663138688 Bytes (1073741824)
2025-06-20 15:20:01,464 [INFO] UtilMem:75 - After build in PCC Used Memory: 751741312 Bytes (1073741824)
2025-06-20 15:20:01,545 [INFO] ApiDbMcu:508 - Load IP Config File for FATFS
2025-06-20 15:20:01,563 [INFO] ApiDbMcu:508 - Load IP Config File for FREERTOS
2025-06-20 15:20:01,614 [INFO] IPUIPlugin:80 - create IPUIPlugin
2025-06-20 15:20:01,614 [INFO] IPUIPlugin:80 - create IPUIPlugin
2025-06-20 15:20:01,614 [INFO] IPUIPlugin:80 - create IPUIPlugin
2025-06-20 15:20:01,614 [INFO] IPUIPlugin:80 - create IPUIPlugin
2025-06-20 15:20:01,614 [INFO] IPUIPlugin:80 - create IPUIPlugin
2025-06-20 15:20:01,614 [INFO] IPUIPlugin:80 - create IPUIPlugin
2025-06-20 15:20:01,615 [INFO] IPUIPlugin:80 - create IPUIPlugin
2025-06-20 15:20:01,615 [INFO] IPUIPlugin:80 - create IPUIPlugin
2025-06-20 15:20:01,615 [INFO] IPUIPlugin:80 - create IPUIPlugin
2025-06-20 15:20:01,615 [INFO] IPUIPlugin:80 - create IPUIPlugin
2025-06-20 15:20:01,615 [INFO] IPUIPlugin:80 - create IPUIPlugin
2025-06-20 15:20:01,616 [INFO] IPUIPlugin:80 - create IPUIPlugin
2025-06-20 15:20:01,616 [INFO] IPUIPlugin:80 - create IPUIPlugin
2025-06-20 15:20:01,616 [INFO] IPUIPlugin:80 - create IPUIPlugin
2025-06-20 15:20:01,617 [INFO] IPUIPlugin:80 - create IPUIPlugin
2025-06-20 15:20:01,617 [INFO] IPUIPlugin:80 - create IPUIPlugin
2025-06-20 15:20:01,617 [INFO] IPUIPlugin:80 - create IPUIPlugin
2025-06-20 15:20:01,617 [INFO] IPUIPlugin:80 - create IPUIPlugin
2025-06-20 15:20:01,618 [INFO] IPUIPlugin:80 - create IPUIPlugin
2025-06-20 15:20:01,618 [INFO] IPUIPlugin:80 - create IPUIPlugin
2025-06-20 15:20:01,618 [INFO] IPUIPlugin:80 - create IPUIPlugin
2025-06-20 15:20:01,618 [INFO] IPUIPlugin:80 - create IPUIPlugin
2025-06-20 15:20:01,618 [INFO] IPUIPlugin:80 - create IPUIPlugin
2025-06-20 15:20:01,618 [INFO] IPUIPlugin:80 - create IPUIPlugin
2025-06-20 15:20:01,619 [INFO] IPUIPlugin:80 - create IPUIPlugin
2025-06-20 15:20:01,619 [INFO] IPUIPlugin:80 - create IPUIPlugin
2025-06-20 15:20:01,619 [INFO] IPUIPlugin:80 - create IPUIPlugin
2025-06-20 15:20:01,619 [INFO] IPUIPlugin:80 - create IPUIPlugin
2025-06-20 15:20:01,621 [INFO] IPUIPlugin:80 - create IPUIPlugin
2025-06-20 15:20:01,621 [INFO] IPUIPlugin:80 - create IPUIPlugin
2025-06-20 15:20:01,622 [INFO] IPUIPlugin:80 - create IPUIPlugin
2025-06-20 15:20:01,622 [INFO] IPUIPlugin:80 - create IPUIPlugin
2025-06-20 15:20:01,622 [INFO] IPUIPlugin:80 - create IPUIPlugin
2025-06-20 15:20:01,622 [INFO] IPUIPlugin:80 - create IPUIPlugin
2025-06-20 15:20:01,623 [INFO] IPUIPlugin:80 - create IPUIPlugin
2025-06-20 15:20:01,623 [INFO] IPUIPlugin:80 - create IPUIPlugin
2025-06-20 15:20:01,623 [INFO] IPUIPlugin:80 - create IPUIPlugin
2025-06-20 15:20:01,624 [INFO] IPUIPlugin:80 - create IPUIPlugin
2025-06-20 15:20:01,624 [INFO] IPUIPlugin:80 - create IPUIPlugin
2025-06-20 15:20:01,624 [INFO] IPUIPlugin:80 - create IPUIPlugin
2025-06-20 15:20:01,624 [INFO] IPUIPlugin:80 - create IPUIPlugin
2025-06-20 15:20:01,625 [INFO] IPUIPlugin:80 - create IPUIPlugin
2025-06-20 15:20:01,625 [INFO] IPUIPlugin:80 - create IPUIPlugin
2025-06-20 15:20:01,625 [INFO] IPUIPlugin:80 - create IPUIPlugin
2025-06-20 15:20:01,625 [INFO] IPUIPlugin:80 - create IPUIPlugin
2025-06-20 15:20:01,626 [INFO] IPUIPlugin:80 - create IPUIPlugin
2025-06-20 15:20:01,626 [INFO] IPUIPlugin:80 - create IPUIPlugin
2025-06-20 15:20:01,626 [INFO] IPUIPlugin:80 - create IPUIPlugin
2025-06-20 15:20:01,626 [INFO] IPUIPlugin:80 - create IPUIPlugin
2025-06-20 15:20:01,627 [INFO] IPUIPlugin:80 - create IPUIPlugin
2025-06-20 15:20:01,627 [INFO] IPUIPlugin:80 - create IPUIPlugin
2025-06-20 15:20:01,627 [INFO] IPUIPlugin:80 - create IPUIPlugin
2025-06-20 15:20:01,628 [INFO] IPUIPlugin:80 - create IPUIPlugin
2025-06-20 15:20:01,628 [INFO] IPUIPlugin:80 - create IPUIPlugin
2025-06-20 15:20:01,628 [INFO] IPUIPlugin:80 - create IPUIPlugin
2025-06-20 15:20:01,628 [INFO] IPUIPlugin:80 - create IPUIPlugin
2025-06-20 15:20:01,629 [INFO] IPUIPlugin:80 - create IPUIPlugin
2025-06-20 15:20:01,629 [INFO] IPUIPlugin:80 - create IPUIPlugin
2025-06-20 15:20:01,629 [INFO] IPUIPlugin:80 - create IPUIPlugin
2025-06-20 15:20:01,630 [INFO] IPUIPlugin:80 - create IPUIPlugin
2025-06-20 15:20:01,630 [INFO] IPUIPlugin:80 - create IPUIPlugin
2025-06-20 15:20:01,630 [INFO] IPUIPlugin:80 - create IPUIPlugin
2025-06-20 15:20:01,631 [INFO] IPUIPlugin:80 - create IPUIPlugin
2025-06-20 15:20:01,631 [INFO] IPUIPlugin:80 - create IPUIPlugin
2025-06-20 15:20:01,632 [INFO] IPUIPlugin:80 - create IPUIPlugin
2025-06-20 15:20:01,632 [INFO] IPUIPlugin:80 - create IPUIPlugin
2025-06-20 15:20:01,633 [INFO] IPUIPlugin:80 - create IPUIPlugin
2025-06-20 15:20:01,633 [INFO] IPUIPlugin:80 - create IPUIPlugin
2025-06-20 15:20:01,634 [INFO] IPUIPlugin:80 - create IPUIPlugin
2025-06-20 15:20:01,635 [INFO] IPUIPlugin:80 - create IPUIPlugin
2025-06-20 15:20:01,635 [INFO] IPUIPlugin:80 - create IPUIPlugin
2025-06-20 15:20:01,636 [INFO] IPUIPlugin:80 - create IPUIPlugin
2025-06-20 15:20:01,637 [INFO] IPUIPlugin:80 - create IPUIPlugin
2025-06-20 15:20:01,638 [INFO] IPUIPlugin:80 - create IPUIPlugin
2025-06-20 15:20:01,638 [INFO] IPUIPlugin:80 - create IPUIPlugin
2025-06-20 15:20:01,639 [INFO] IPUIPlugin:80 - create IPUIPlugin
2025-06-20 15:20:01,652 [INFO] ApiDbMcu:508 - Load IP Config File for PDM2PCM
2025-06-20 15:20:01,694 [WARN] FreeRTOS:1023 - Null or empty value: should not occur! (nothing added to the table)
2025-06-20 15:20:01,971 [INFO] CADModel:165 - CPN selected for project levelSTM32F756ZGT6
2025-06-20 15:20:01,972 [INFO] CADModel:114 - Register for checkConnection events
2025-06-20 15:20:01,975 [INFO] RtosManager:725 - Active RTOS found at IOC load: FREERTOS [Cortex-M7NS]
2025-06-20 15:20:02,049 [INFO] OpenFileManager:385 - Restore cursor
2025-06-20 15:35:36,526 [ERROR] LogOutputStream:75 - [STDERR_REDIRECT] 
